zip,state
1000,Noord-Holland
1001,Noord-Holland
1002,Noord-Holland
1003,Noord-Holland
1005,Noord-Holland
1006,Noord-Holland
1007,Noord-Holland
1008,Noord-Holland
1009,Noord-Holland
1011,Noord-Holland
1012,Noord-Holland
1013,Noord-Holland
1014,Noord-Holland
1015,Noord-Holland
1016,Noord-Holland
1017,Noord-Holland
1018,Noord-Holland
1019,Noord-Holland
1020,Noord-Holland
1021,Noord-Holland
1022,Noord-Holland
1023,Noord-Holland
1024,Noord-Holland
1025,Noord-Holland
1026,Noord-Holland
1027,Noord-Holland
1028,Noord-Holland
1030,Noord-Holland
1031,Noord-Holland
1032,Noord-Holland
1033,Noord-Holland
1034,Noord-Holland
1035,Noord-Holland
1036,Noord-Holland
1037,Noord-Holland
1040,Noord-Holland
1041,Noord-Holland
1042,Noord-Holland
1043,Noord-Holland
1044,Noord-Holland
1045,Noord-Holland
1046,Noord-Holland
1047,Noord-Holland
1051,Noord-Holland
1052,Noord-Holland
1053,Noord-Holland
1054,Noord-Holland
1055,Noord-Holland
1056,Noord-Holland
1057,Noord-Holland
1058,Noord-Holland
1059,Noord-Holland
1060,Noord-Holland
1061,Noord-Holland
1062,Noord-Holland
1063,Noord-Holland
1064,Noord-Holland
1065,Noord-Holland
1066,Noord-Holland
1067,Noord-Holland
1068,Noord-Holland
1069,Noord-Holland
1070,Noord-Holland
1071,Noord-Holland
1072,Noord-Holland
1073,Noord-Holland
1074,Noord-Holland
1075,Noord-Holland
1076,Noord-Holland
1077,Noord-Holland
1078,Noord-Holland
1079,Noord-Holland
1080,Noord-Holland
1081,Noord-Holland
1082,Noord-Holland
1083,Noord-Holland
1086,Noord-Holland
1087,Noord-Holland
1090,Noord-Holland
1091,Noord-Holland
1092,Noord-Holland
1093,Noord-Holland
1094,Noord-Holland
1095,Noord-Holland
1096,Noord-Holland
1097,Noord-Holland
1098,Noord-Holland
1099,Noord-Holland
1100,Noord-Holland
1101,Noord-Holland
1102,Noord-Holland
1103,Noord-Holland
1104,Noord-Holland
1105,Noord-Holland
1106,Noord-Holland
1107,Noord-Holland
1108,Noord-Holland
1109,Noord-Holland
1110,Noord-Holland
1111,Noord-Holland
1112,Noord-Holland
1113,Noord-Holland
1114,Noord-Holland
1115,Noord-Holland
1117,Noord-Holland
1118,Noord-Holland
1119,Noord-Holland
1120,Noord-Holland
1121,Noord-Holland
1127,Noord-Holland
1130,Noord-Holland
1131,Noord-Holland
1132,Noord-Holland
1135,Noord-Holland
1140,Noord-Holland
1141,Noord-Holland
1145,Noord-Holland
1150,Noord-Holland
1151,Noord-Holland
1153,Noord-Holland
1154,Noord-Holland
1156,Noord-Holland
1160,Noord-Holland
1161,Noord-Holland
1165,Noord-Holland
1170,Noord-Holland
1171,Noord-Holland
1175,Noord-Holland
1180,Noord-Holland
1181,Noord-Holland
1182,Noord-Holland
1183,Noord-Holland
1184,Noord-Holland
1185,Noord-Holland
1186,Noord-Holland
1187,Noord-Holland
1188,Noord-Holland
1189,Noord-Holland
1190,Noord-Holland
1191,Noord-Holland
1200,Noord-Holland
1201,Noord-Holland
1202,Noord-Holland
1211,Noord-Holland
1212,Noord-Holland
1213,Noord-Holland
1214,Noord-Holland
1215,Noord-Holland
1216,Noord-Holland
1217,Noord-Holland
1218,Noord-Holland
1221,Noord-Holland
1222,Noord-Holland
1223,Noord-Holland
1230,Noord-Holland
1231,Noord-Holland
1240,Noord-Holland
1241,Noord-Holland
1243,Noord-Holland
1244,Noord-Holland
1250,Noord-Holland
1251,Noord-Holland
1252,Noord-Holland
1260,Noord-Holland
1261,Noord-Holland
1270,Noord-Holland
1271,Noord-Holland
1272,Noord-Holland
1273,Noord-Holland
1274,Noord-Holland
1275,Noord-Holland
1276,Noord-Holland
1277,Noord-Holland
1300,Flevoland
1301,Flevoland
1302,Flevoland
1303,Flevoland
1305,Flevoland
1309,Flevoland
1311,Flevoland
1312,Flevoland
1313,Flevoland
1314,Flevoland
1315,Flevoland
1316,Flevoland
1317,Flevoland
1318,Flevoland
1319,Flevoland
1320,Flevoland
1321,Flevoland
1322,Flevoland
1323,Flevoland
1324,Flevoland
1325,Flevoland
1326,Flevoland
1327,Flevoland
1328,Flevoland
1329,Flevoland
1331,Flevoland
1332,Flevoland
1333,Flevoland
1334,Flevoland
1335,Flevoland
1336,Flevoland
1338,Flevoland
1339,Flevoland
1341,Flevoland
1343,Flevoland
1349,Flevoland
1351,Flevoland
1352,Flevoland
1353,Flevoland
1354,Flevoland
1355,Flevoland
1356,Flevoland
1357,Flevoland
1358,Flevoland
1359,Flevoland
1361,Flevoland
1362,Flevoland
1363,Flevoland
1380,Noord-Holland
1381,Noord-Holland
1382,Noord-Holland
1383,Noord-Holland
1390,Utrecht
1391,Utrecht
1393,Utrecht
1394,Noord-Holland
1396,Utrecht
1398,Noord-Holland
1399,Noord-Holland
1400,Noord-Holland
1401,Noord-Holland
1402,Noord-Holland
1403,Noord-Holland
1404,Noord-Holland
1405,Noord-Holland
1406,Noord-Holland
1410,Noord-Holland
1411,Noord-Holland
1412,Noord-Holland
1420,Noord-Holland
1421,Noord-Holland
1422,Noord-Holland
1423,Noord-Holland
1424,Noord-Holland
1426,Utrecht
1427,Utrecht
1428,Zuid-Holland
1430,Noord-Holland
1431,Noord-Holland
1432,Noord-Holland
1433,Noord-Holland
1435,Noord-Holland
1436,Noord-Holland
1437,Noord-Holland
1438,Noord-Holland
1440,Noord-Holland
1441,Noord-Holland
1442,Noord-Holland
1443,Noord-Holland
1444,Noord-Holland
1445,Noord-Holland
1446,Noord-Holland
1447,Noord-Holland
1448,Noord-Holland
1451,Noord-Holland
1452,Noord-Holland
1454,Noord-Holland
1456,Noord-Holland
1458,Noord-Holland
1461,Noord-Holland
1462,Noord-Holland
1463,Noord-Holland
1464,Noord-Holland
1471,Noord-Holland
1472,Noord-Holland
1473,Noord-Holland
1474,Noord-Holland
1475,Noord-Holland
1476,Noord-Holland
1477,Noord-Holland
1481,Noord-Holland
1482,Noord-Holland
1483,Noord-Holland
1484,Noord-Holland
1485,Noord-Holland
1486,Noord-Holland
1487,Noord-Holland
1488,Noord-Holland
1489,Noord-Holland
1500,Noord-Holland
1501,Noord-Holland
1502,Noord-Holland
1503,Noord-Holland
1504,Noord-Holland
1505,Noord-Holland
1506,Noord-Holland
1507,Noord-Holland
1508,Noord-Holland
1509,Noord-Holland
1510,Noord-Holland
1511,Noord-Holland
1520,Noord-Holland
1521,Noord-Holland
1525,Noord-Holland
1530,Noord-Holland
1531,Noord-Holland
1534,Noord-Holland
1536,Noord-Holland
1540,Noord-Holland
1541,Noord-Holland
1544,Noord-Holland
1546,Noord-Holland
1550,Noord-Holland
1551,Noord-Holland
1560,Noord-Holland
1561,Noord-Holland
1562,Noord-Holland
1566,Noord-Holland
1567,Noord-Holland
1600,Noord-Holland
1601,Noord-Holland
1602,Noord-Holland
1606,Noord-Holland
1607,Noord-Holland
1608,Noord-Holland
1609,Noord-Holland
1610,Noord-Holland
1611,Noord-Holland
1613,Noord-Holland
1614,Noord-Holland
1616,Noord-Holland
1617,Noord-Holland
1619,Noord-Holland
1620,Noord-Holland
1621,Noord-Holland
1622,Noord-Holland
1623,Noord-Holland
1624,Noord-Holland
1625,Noord-Holland
1627,Noord-Holland
1628,Noord-Holland
1631,Noord-Holland
1633,Noord-Holland
1634,Noord-Holland
1636,Noord-Holland
1641,Noord-Holland
1642,Noord-Holland
1643,Noord-Holland
1645,Noord-Holland
1646,Noord-Holland
1647,Noord-Holland
1648,Noord-Holland
1652,Noord-Holland
1654,Noord-Holland
1655,Noord-Holland
1657,Noord-Holland
1658,Noord-Holland
1661,Noord-Holland
1662,Noord-Holland
1663,Noord-Holland
1670,Noord-Holland
1671,Noord-Holland
1674,Noord-Holland
1676,Noord-Holland
1678,Noord-Holland
1679,Noord-Holland
1681,Noord-Holland
1682,Noord-Holland
1683,Noord-Holland
1684,Noord-Holland
1685,Noord-Holland
1686,Noord-Holland
1687,Noord-Holland
1688,Noord-Holland
1689,Noord-Holland
1691,Noord-Holland
1692,Noord-Holland
1693,Noord-Holland
1695,Noord-Holland
1696,Noord-Holland
1697,Noord-Holland
1700,Noord-Holland
1701,Noord-Holland
1702,Noord-Holland
1703,Noord-Holland
1704,Noord-Holland
1705,Noord-Holland
1706,Noord-Holland
1710,Noord-Holland
1711,Noord-Holland
1713,Noord-Holland
1715,Noord-Holland
1716,Noord-Holland
1718,Noord-Holland
1719,Noord-Holland
1720,Noord-Holland
1721,Noord-Holland
1722,Noord-Holland
1723,Noord-Holland
1724,Noord-Holland
1730,Noord-Holland
1731,Noord-Holland
1732,Noord-Holland
1733,Noord-Holland
1734,Noord-Holland
1735,Noord-Holland
1736,Noord-Holland
1738,Noord-Holland
1740,Noord-Holland
1741,Noord-Holland
1742,Noord-Holland
1744,Noord-Holland
1746,Noord-Holland
1747,Noord-Holland
1749,Noord-Holland
1750,Noord-Holland
1751,Noord-Holland
1752,Noord-Holland
1753,Noord-Holland
1754,Noord-Holland
1755,Noord-Holland
1756,Noord-Holland
1757,Noord-Holland
1759,Noord-Holland
1760,Noord-Holland
1761,Noord-Holland
1764,Noord-Holland
1766,Noord-Holland
1767,Noord-Holland
1768,Noord-Holland
1769,Noord-Holland
1770,Noord-Holland
1771,Noord-Holland
1773,Noord-Holland
1774,Noord-Holland
1775,Noord-Holland
1777,Noord-Holland
1778,Noord-Holland
1779,Noord-Holland
1780,Noord-Holland
1781,Noord-Holland
1782,Noord-Holland
1783,Noord-Holland
1784,Noord-Holland
1785,Noord-Holland
1786,Noord-Holland
1787,Noord-Holland
1788,Noord-Holland
1789,Noord-Holland
1790,Noord-Holland
1791,Noord-Holland
1792,Noord-Holland
1793,Noord-Holland
1794,Noord-Holland
1795,Noord-Holland
1796,Noord-Holland
1797,Noord-Holland
1800,Noord-Holland
1801,Noord-Holland
1802,Noord-Holland
1810,Noord-Holland
1811,Noord-Holland
1812,Noord-Holland
1813,Noord-Holland
1814,Noord-Holland
1815,Noord-Holland
1816,Noord-Holland
1817,Noord-Holland
1821,Noord-Holland
1822,Noord-Holland
1823,Noord-Holland
1824,Noord-Holland
1825,Noord-Holland
1826,Noord-Holland
1827,Noord-Holland
1829,Noord-Holland
1830,Noord-Holland
1831,Noord-Holland
1832,Noord-Holland
1834,Noord-Holland
1840,Noord-Holland
1841,Noord-Holland
1842,Noord-Holland
1843,Noord-Holland
1844,Noord-Holland
1846,Noord-Holland
1847,Noord-Holland
1850,Noord-Holland
1851,Noord-Holland
1852,Noord-Holland
1853,Noord-Holland
1860,Noord-Holland
1861,Noord-Holland
1862,Noord-Holland
1865,Noord-Holland
1870,Noord-Holland
1871,Noord-Holland
1873,Noord-Holland
1900,Noord-Holland
1901,Noord-Holland
1902,Noord-Holland
1906,Noord-Holland
1910,Noord-Holland
1911,Noord-Holland
1920,Noord-Holland
1921,Noord-Holland
1930,Noord-Holland
1931,Noord-Holland
1934,Noord-Holland
1935,Noord-Holland
1940,Noord-Holland
1941,Noord-Holland
1942,Noord-Holland
1943,Noord-Holland
1944,Noord-Holland
1945,Noord-Holland
1946,Noord-Holland
1947,Noord-Holland
1948,Noord-Holland
1949,Noord-Holland
1950,Noord-Holland
1951,Noord-Holland
1954,Gelderland
1960,Noord-Holland
1961,Noord-Holland
1962,Noord-Holland
1963,Noord-Holland
1964,Noord-Holland
1965,Noord-Holland
1966,Noord-Holland
1967,Noord-Holland
1968,Noord-Holland
1969,Noord-Holland
1970,Noord-Holland
1971,Noord-Holland
1972,Noord-Holland
1973,Noord-Holland
1974,Noord-Holland
1975,Noord-Holland
1976,Noord-Holland
1980,Noord-Holland
1981,Noord-Holland
1985,Noord-Holland
1990,Noord-Holland
1991,Noord-Holland
1992,Noord-Holland
2000,Noord-Holland
2001,Noord-Holland
2002,Noord-Holland
2003,Noord-Holland
2011,Noord-Holland
2012,Noord-Holland
2013,Noord-Holland
2014,Noord-Holland
2015,Noord-Holland
2019,Noord-Holland
2021,Noord-Holland
2022,Noord-Holland
2023,Noord-Holland
2024,Noord-Holland
2025,Noord-Holland
2026,Noord-Holland
2031,Noord-Holland
2032,Noord-Holland
2033,Noord-Holland
2034,Noord-Holland
2035,Noord-Holland
2036,Noord-Holland
2037,Noord-Holland
2040,Noord-Holland
2041,Noord-Holland
2042,Noord-Holland
2050,Noord-Holland
2051,Noord-Holland
2060,Noord-Holland
2061,Noord-Holland
2063,Noord-Holland
2064,Noord-Holland
2065,Noord-Holland
2070,Noord-Holland
2071,Noord-Holland
2080,Noord-Holland
2082,Noord-Holland
2100,Noord-Holland
2101,Noord-Holland
2102,Noord-Holland
2103,Noord-Holland
2104,Noord-Holland
2105,Noord-Holland
2106,Noord-Holland
2110,Noord-Holland
2111,Noord-Holland
2114,Noord-Holland
2116,Noord-Holland
2120,Noord-Holland
2121,Noord-Holland
2130,Noord-Holland
2131,Noord-Holland
2132,Noord-Holland
2133,Noord-Holland
2134,Noord-Holland
2135,Noord-Holland
2136,Noord-Holland
2140,Noord-Holland
2141,Noord-Holland
2142,Noord-Holland
2143,Noord-Holland
2144,Noord-Holland
2150,Noord-Holland
2151,Noord-Holland
2152,Noord-Holland
2153,Noord-Holland
2154,Noord-Holland
2155,Noord-Holland
2156,Noord-Holland
2157,Noord-Holland
2158,Noord-Holland
2159,Zuid-Holland
2160,Zuid-Holland
2161,Zuid-Holland
2162,Zuid-Holland
2163,Zuid-Holland
2165,Noord-Holland
2166,Zuid-Holland
2170,Zuid-Holland
2171,Zuid-Holland
2172,Zuid-Holland
2180,Zuid-Holland
2181,Zuid-Holland
2182,Zuid-Holland
2190,Zuid-Holland
2191,Zuid-Holland
2200,Zuid-Holland
2201,Zuid-Holland
2202,Zuid-Holland
2203,Zuid-Holland
2204,Zuid-Holland
2210,Zuid-Holland
2211,Zuid-Holland
2215,Zuid-Holland
2220,Zuid-Holland
2221,Zuid-Holland
2222,Zuid-Holland
2223,Zuid-Holland
2224,Zuid-Holland
2225,Zuid-Holland
2230,Zuid-Holland
2231,Zuid-Holland
2235,Zuid-Holland
2240,Zuid-Holland
2241,Zuid-Holland
2242,Zuid-Holland
2243,Zuid-Holland
2244,Zuid-Holland
2245,Zuid-Holland
2250,Zuid-Holland
2251,Zuid-Holland
2252,Zuid-Holland
2253,Zuid-Holland
2254,Zuid-Holland
2260,Zuid-Holland
2261,Zuid-Holland
2262,Zuid-Holland
2263,Zuid-Holland
2264,Zuid-Holland
2265,Zuid-Holland
2266,Zuid-Holland
2267,Zuid-Holland
2270,Zuid-Holland
2271,Zuid-Holland
2272,Zuid-Holland
2273,Zuid-Holland
2274,Zuid-Holland
2275,Zuid-Holland
2280,Zuid-Holland
2281,Zuid-Holland
2282,Zuid-Holland
2283,Zuid-Holland
2284,Zuid-Holland
2285,Zuid-Holland
2286,Zuid-Holland
2287,Zuid-Holland
2288,Zuid-Holland
2289,Zuid-Holland
2290,Zuid-Holland
2291,Zuid-Holland
2292,Zuid-Holland
2295,Zuid-Holland
2300,Zuid-Holland
2301,Zuid-Holland
2302,Zuid-Holland
2303,Zuid-Holland
2311,Zuid-Holland
2312,Zuid-Holland
2313,Zuid-Holland
2314,Zuid-Holland
2315,Zuid-Holland
2316,Zuid-Holland
2317,Zuid-Holland
2318,Zuid-Holland
2321,Zuid-Holland
2322,Zuid-Holland
2323,Zuid-Holland
2324,Zuid-Holland
2331,Zuid-Holland
2332,Zuid-Holland
2333,Zuid-Holland
2334,Zuid-Holland
2340,Zuid-Holland
2341,Zuid-Holland
2342,Zuid-Holland
2343,Zuid-Holland
2350,Zuid-Holland
2351,Zuid-Holland
2352,Zuid-Holland
2353,Zuid-Holland
2355,Zuid-Holland
2360,Zuid-Holland
2361,Zuid-Holland
2362,Zuid-Holland
2370,Zuid-Holland
2371,Zuid-Holland
2374,Zuid-Holland
2375,Zuid-Holland
2376,Zuid-Holland
2377,Zuid-Holland
2380,Zuid-Holland
2381,Zuid-Holland
2382,Zuid-Holland
2390,Zuid-Holland
2391,Zuid-Holland
2394,Zuid-Holland
2396,Zuid-Holland
2400,Zuid-Holland
2401,Zuid-Holland
2402,Zuid-Holland
2403,Zuid-Holland
2404,Zuid-Holland
2405,Zuid-Holland
2406,Zuid-Holland
2407,Zuid-Holland
2408,Zuid-Holland
2409,Zuid-Holland
2410,Zuid-Holland
2411,Zuid-Holland
2412,Zuid-Holland
2415,Zuid-Holland
2420,Zuid-Holland
2421,Zuid-Holland
2430,Zuid-Holland
2431,Zuid-Holland
2432,Zuid-Holland
2435,Zuid-Holland
2440,Zuid-Holland
2441,Zuid-Holland
2445,Zuid-Holland
2450,Zuid-Holland
2451,Zuid-Holland
2460,Zuid-Holland
2461,Zuid-Holland
2465,Zuid-Holland
2470,Zuid-Holland
2471,Zuid-Holland
2480,Zuid-Holland
2481,Zuid-Holland
2490,Zuid-Holland
2491,Zuid-Holland
2492,Zuid-Holland
2493,Zuid-Holland
2495,Zuid-Holland
2496,Zuid-Holland
2497,Zuid-Holland
2498,Zuid-Holland
2500,Zuid-Holland
2501,Zuid-Holland
2502,Zuid-Holland
2503,Zuid-Holland
2504,Zuid-Holland
2505,Zuid-Holland
2506,Zuid-Holland
2507,Zuid-Holland
2508,Zuid-Holland
2509,Zuid-Holland
2511,Zuid-Holland
2512,Zuid-Holland
2513,Zuid-Holland
2514,Zuid-Holland
2515,Zuid-Holland
2516,Zuid-Holland
2517,Zuid-Holland
2518,Zuid-Holland
2521,Zuid-Holland
2522,Zuid-Holland
2523,Zuid-Holland
2524,Zuid-Holland
2525,Zuid-Holland
2526,Zuid-Holland
2531,Zuid-Holland
2532,Zuid-Holland
2533,Zuid-Holland
2541,Zuid-Holland
2542,Zuid-Holland
2543,Zuid-Holland
2544,Zuid-Holland
2545,Zuid-Holland
2546,Zuid-Holland
2547,Zuid-Holland
2548,Zuid-Holland
2551,Zuid-Holland
2552,Zuid-Holland
2553,Zuid-Holland
2554,Zuid-Holland
2555,Zuid-Holland
2561,Zuid-Holland
2562,Zuid-Holland
2563,Zuid-Holland
2564,Zuid-Holland
2565,Zuid-Holland
2566,Zuid-Holland
2571,Zuid-Holland
2572,Zuid-Holland
2573,Zuid-Holland
2574,Zuid-Holland
2581,Zuid-Holland
2582,Zuid-Holland
2583,Zuid-Holland
2584,Zuid-Holland
2585,Zuid-Holland
2586,Zuid-Holland
2587,Zuid-Holland
2591,Zuid-Holland
2592,Zuid-Holland
2593,Zuid-Holland
2594,Zuid-Holland
2595,Zuid-Holland
2596,Zuid-Holland
2597,Zuid-Holland
2600,Zuid-Holland
2601,Zuid-Holland
2611,Zuid-Holland
2612,Zuid-Holland
2613,Zuid-Holland
2614,Zuid-Holland
2616,Zuid-Holland
2622,Zuid-Holland
2623,Zuid-Holland
2624,Zuid-Holland
2625,Zuid-Holland
2626,Zuid-Holland
2627,Zuid-Holland
2628,Zuid-Holland
2629,Zuid-Holland
2630,Zuid-Holland
2631,Zuid-Holland
2632,Zuid-Holland
2635,Zuid-Holland
2636,Zuid-Holland
2640,Zuid-Holland
2641,Zuid-Holland
2642,Zuid-Holland
2643,Zuid-Holland
2645,Zuid-Holland
2650,Zuid-Holland
2651,Zuid-Holland
2652,Zuid-Holland
2660,Zuid-Holland
2661,Zuid-Holland
2662,Zuid-Holland
2665,Zuid-Holland
2670,Zuid-Holland
2671,Zuid-Holland
2672,Zuid-Holland
2673,Zuid-Holland
2675,Zuid-Holland
2676,Zuid-Holland
2678,Zuid-Holland
2680,Zuid-Holland
2681,Zuid-Holland
2684,Zuid-Holland
2685,Zuid-Holland
2690,Zuid-Holland
2691,Zuid-Holland
2692,Zuid-Holland
2693,Zuid-Holland
2694,Zuid-Holland
2700,Zuid-Holland
2701,Zuid-Holland
2702,Zuid-Holland
2711,Zuid-Holland
2712,Zuid-Holland
2713,Zuid-Holland
2715,Zuid-Holland
2716,Zuid-Holland
2717,Zuid-Holland
2718,Zuid-Holland
2719,Zuid-Holland
2721,Zuid-Holland
2722,Zuid-Holland
2723,Zuid-Holland
2724,Zuid-Holland
2725,Zuid-Holland
2726,Zuid-Holland
2727,Zuid-Holland
2728,Zuid-Holland
2729,Zuid-Holland
2730,Zuid-Holland
2731,Zuid-Holland
2735,Zuid-Holland
2740,Zuid-Holland
2741,Zuid-Holland
2742,Zuid-Holland
2743,Zuid-Holland
2750,Zuid-Holland
2751,Zuid-Holland
2752,Zuid-Holland
2760,Zuid-Holland
2761,Zuid-Holland
2770,Zuid-Holland
2771,Zuid-Holland
2800,Zuid-Holland
2801,Zuid-Holland
2802,Zuid-Holland
2803,Zuid-Holland
2804,Zuid-Holland
2805,Zuid-Holland
2806,Zuid-Holland
2807,Zuid-Holland
2808,Zuid-Holland
2809,Zuid-Holland
2810,Zuid-Holland
2811,Zuid-Holland
2820,Zuid-Holland
2821,Zuid-Holland
2825,Zuid-Holland
2830,Zuid-Holland
2831,Zuid-Holland
2840,Zuid-Holland
2841,Zuid-Holland
2850,Zuid-Holland
2851,Zuid-Holland
2855,Zuid-Holland
2860,Zuid-Holland
2861,Zuid-Holland
2865,Zuid-Holland
2870,Zuid-Holland
2871,Zuid-Holland
2900,Zuid-Holland
2901,Zuid-Holland
2902,Zuid-Holland
2903,Zuid-Holland
2904,Zuid-Holland
2905,Zuid-Holland
2906,Zuid-Holland
2907,Zuid-Holland
2908,Zuid-Holland
2909,Zuid-Holland
2910,Zuid-Holland
2911,Zuid-Holland
2912,Zuid-Holland
2913,Zuid-Holland
2914,Zuid-Holland
2920,Zuid-Holland
2921,Zuid-Holland
2922,Zuid-Holland
2923,Zuid-Holland
2924,Zuid-Holland
2925,Zuid-Holland
2926,Zuid-Holland
2930,Zuid-Holland
2931,Zuid-Holland
2935,Zuid-Holland
2940,Zuid-Holland
2941,Zuid-Holland
2950,Zuid-Holland
2951,Zuid-Holland
2952,Zuid-Holland
2953,Zuid-Holland
2954,Zuid-Holland
2957,Zuid-Holland
2959,Zuid-Holland
2960,Zuid-Holland
2961,Zuid-Holland
2964,Zuid-Holland
2965,Zuid-Holland
2967,Zuid-Holland
2968,Zuid-Holland
2969,Zuid-Holland
2970,Zuid-Holland
2971,Zuid-Holland
2973,Zuid-Holland
2974,Zuid-Holland
2975,Zuid-Holland
2977,Zuid-Holland
2980,Zuid-Holland
2981,Zuid-Holland
2982,Zuid-Holland
2983,Zuid-Holland
2984,Zuid-Holland
2985,Zuid-Holland
2986,Zuid-Holland
2987,Zuid-Holland
2988,Zuid-Holland
2989,Zuid-Holland
2990,Zuid-Holland
2991,Zuid-Holland
2992,Zuid-Holland
2993,Zuid-Holland
2994,Zuid-Holland
2995,Zuid-Holland
3000,Zuid-Holland
3001,Zuid-Holland
3002,Zuid-Holland
3003,Zuid-Holland
3004,Zuid-Holland
3005,Zuid-Holland
3006,Zuid-Holland
3007,Zuid-Holland
3008,Zuid-Holland
3009,Zuid-Holland
3011,Zuid-Holland
3012,Zuid-Holland
3013,Zuid-Holland
3014,Zuid-Holland
3015,Zuid-Holland
3016,Zuid-Holland
3021,Zuid-Holland
3022,Zuid-Holland
3023,Zuid-Holland
3024,Zuid-Holland
3025,Zuid-Holland
3026,Zuid-Holland
3027,Zuid-Holland
3028,Zuid-Holland
3029,Zuid-Holland
3031,Zuid-Holland
3032,Zuid-Holland
3033,Zuid-Holland
3034,Zuid-Holland
3035,Zuid-Holland
3036,Zuid-Holland
3037,Zuid-Holland
3038,Zuid-Holland
3039,Zuid-Holland
3041,Zuid-Holland
3042,Zuid-Holland
3043,Zuid-Holland
3044,Zuid-Holland
3045,Zuid-Holland
3046,Zuid-Holland
3047,Zuid-Holland
3050,Zuid-Holland
3051,Zuid-Holland
3052,Zuid-Holland
3053,Zuid-Holland
3054,Zuid-Holland
3055,Zuid-Holland
3056,Zuid-Holland
3059,Zuid-Holland
3061,Zuid-Holland
3062,Zuid-Holland
3063,Zuid-Holland
3064,Zuid-Holland
3065,Zuid-Holland
3066,Zuid-Holland
3067,Zuid-Holland
3068,Zuid-Holland
3069,Zuid-Holland
3071,Zuid-Holland
3072,Zuid-Holland
3073,Zuid-Holland
3074,Zuid-Holland
3075,Zuid-Holland
3076,Zuid-Holland
3077,Zuid-Holland
3078,Zuid-Holland
3079,Zuid-Holland
3081,Zuid-Holland
3082,Zuid-Holland
3083,Zuid-Holland
3084,Zuid-Holland
3085,Zuid-Holland
3086,Zuid-Holland
3087,Zuid-Holland
3088,Zuid-Holland
3089,Zuid-Holland
3100,Zuid-Holland
3101,Zuid-Holland
3102,Zuid-Holland
3109,Zuid-Holland
3111,Zuid-Holland
3112,Zuid-Holland
3113,Zuid-Holland
3114,Zuid-Holland
3115,Zuid-Holland
3116,Zuid-Holland
3117,Zuid-Holland
3118,Zuid-Holland
3119,Zuid-Holland
3121,Zuid-Holland
3122,Zuid-Holland
3123,Zuid-Holland
3124,Zuid-Holland
3125,Zuid-Holland
3130,Zuid-Holland
3131,Zuid-Holland
3132,Zuid-Holland
3133,Zuid-Holland
3134,Zuid-Holland
3135,Zuid-Holland
3136,Zuid-Holland
3137,Zuid-Holland
3138,Zuid-Holland
3140,Zuid-Holland
3141,Zuid-Holland
3142,Zuid-Holland
3143,Zuid-Holland
3144,Zuid-Holland
3145,Zuid-Holland
3146,Zuid-Holland
3147,Zuid-Holland
3150,Zuid-Holland
3151,Zuid-Holland
3155,Zuid-Holland
3160,Zuid-Holland
3161,Zuid-Holland
3162,Zuid-Holland
3165,Zuid-Holland
3170,Zuid-Holland
3171,Zuid-Holland
3172,Zuid-Holland
3176,Zuid-Holland
3180,Zuid-Holland
3181,Zuid-Holland
3190,Zuid-Holland
3191,Zuid-Holland
3192,Zuid-Holland
3193,Zuid-Holland
3194,Zuid-Holland
3195,Zuid-Holland
3196,Zuid-Holland
3197,Zuid-Holland
3198,Zuid-Holland
3199,Zuid-Holland
3200,Zuid-Holland
3201,Zuid-Holland
3202,Zuid-Holland
3203,Zuid-Holland
3204,Zuid-Holland
3205,Zuid-Holland
3206,Zuid-Holland
3207,Zuid-Holland
3208,Zuid-Holland
3209,Zuid-Holland
3211,Zuid-Holland
3212,Zuid-Holland
3214,Zuid-Holland
3216,Zuid-Holland
3218,Zuid-Holland
3220,Zuid-Holland
3221,Zuid-Holland
3222,Zuid-Holland
3223,Zuid-Holland
3224,Zuid-Holland
3225,Zuid-Holland
3227,Zuid-Holland
3230,Zuid-Holland
3231,Zuid-Holland
3232,Zuid-Holland
3233,Zuid-Holland
3234,Zuid-Holland
3235,Zuid-Holland
3237,Zuid-Holland
3238,Zuid-Holland
3240,Zuid-Holland
3241,Zuid-Holland
3243,Zuid-Holland
3244,Zuid-Holland
3245,Zuid-Holland
3247,Zuid-Holland
3248,Zuid-Holland
3249,Zuid-Holland
3250,Zuid-Holland
3251,Zuid-Holland
3252,Zuid-Holland
3253,Zuid-Holland
3255,Zuid-Holland
3256,Zuid-Holland
3257,Zuid-Holland
3258,Zuid-Holland
3260,Zuid-Holland
3261,Zuid-Holland
3262,Zuid-Holland
3263,Zuid-Holland
3264,Zuid-Holland
3265,Zuid-Holland
3267,Zuid-Holland
3270,Zuid-Holland
3271,Zuid-Holland
3273,Zuid-Holland
3274,Zuid-Holland
3280,Zuid-Holland
3281,Zuid-Holland
3284,Zuid-Holland
3286,Zuid-Holland
3290,Zuid-Holland
3291,Zuid-Holland
3292,Zuid-Holland
3293,Zuid-Holland
3295,Zuid-Holland
3297,Zuid-Holland
3299,Zuid-Holland
3300,Zuid-Holland
3301,Zuid-Holland
3311,Zuid-Holland
3312,Zuid-Holland
3313,Zuid-Holland
3314,Zuid-Holland
3315,Zuid-Holland
3316,Zuid-Holland
3317,Zuid-Holland
3318,Zuid-Holland
3319,Zuid-Holland
3328,Zuid-Holland
3329,Zuid-Holland
3330,Zuid-Holland
3331,Zuid-Holland
3332,Zuid-Holland
3333,Zuid-Holland
3334,Zuid-Holland
3335,Zuid-Holland
3336,Zuid-Holland
3340,Zuid-Holland
3341,Zuid-Holland
3342,Zuid-Holland
3343,Zuid-Holland
3344,Zuid-Holland
3350,Zuid-Holland
3351,Zuid-Holland
3352,Zuid-Holland
3353,Zuid-Holland
3354,Zuid-Holland
3355,Zuid-Holland
3356,Zuid-Holland
3360,Zuid-Holland
3361,Zuid-Holland
3362,Zuid-Holland
3363,Zuid-Holland
3364,Zuid-Holland
3366,Zuid-Holland
3370,Zuid-Holland
3371,Zuid-Holland
3372,Zuid-Holland
3373,Zuid-Holland
3380,Zuid-Holland
3381,Zuid-Holland
3400,Utrecht
3401,Utrecht
3402,Utrecht
3403,Utrecht
3404,Utrecht
3405,Utrecht
3410,Utrecht
3411,Utrecht
3412,Utrecht
3413,Utrecht
3415,Utrecht
3417,Utrecht
3420,Utrecht
3421,Utrecht
3425,Utrecht
3430,Utrecht
3431,Utrecht
3432,Utrecht
3433,Utrecht
3434,Utrecht
3435,Utrecht
3436,Utrecht
3437,Utrecht
3438,Utrecht
3439,Utrecht
3440,Utrecht
3441,Utrecht
3442,Utrecht
3443,Utrecht
3444,Utrecht
3445,Utrecht
3446,Utrecht
3447,Utrecht
3448,Utrecht
3449,Utrecht
3450,Utrecht
3451,Utrecht
3452,Utrecht
3453,Utrecht
3454,Utrecht
3455,Utrecht
3460,Utrecht
3461,Utrecht
3464,Utrecht
3465,Zuid-Holland
3466,Zuid-Holland
3467,Utrecht
3470,Utrecht
3471,Utrecht
3474,Utrecht
3480,Utrecht
3481,Utrecht
3500,Utrecht
3501,Utrecht
3502,Utrecht
3503,Utrecht
3504,Utrecht
3505,Utrecht
3506,Utrecht
3507,Utrecht
3508,Utrecht
3509,Utrecht
3511,Utrecht
3512,Utrecht
3513,Utrecht
3514,Utrecht
3515,Utrecht
3521,Utrecht
3522,Utrecht
3523,Utrecht
3524,Utrecht
3525,Utrecht
3526,Utrecht
3527,Utrecht
3528,Utrecht
3531,Utrecht
3532,Utrecht
3533,Utrecht
3534,Utrecht
3540,Utrecht
3541,Utrecht
3542,Utrecht
3543,Utrecht
3544,Utrecht
3545,Utrecht
3546,Utrecht
3551,Utrecht
3552,Utrecht
3553,Utrecht
3554,Utrecht
3555,Utrecht
3561,Utrecht
3562,Utrecht
3563,Utrecht
3564,Utrecht
3565,Utrecht
3566,Utrecht
3571,Utrecht
3572,Utrecht
3573,Utrecht
3581,Utrecht
3582,Utrecht
3583,Utrecht
3584,Utrecht
3585,Utrecht
3600,Utrecht
3601,Utrecht
3602,Utrecht
3603,Utrecht
3604,Utrecht
3605,Utrecht
3606,Utrecht
3607,Utrecht
3608,Utrecht
3611,Utrecht
3612,Utrecht
3615,Utrecht
3620,Utrecht
3621,Utrecht
3625,Noord-Holland
3626,Utrecht
3628,Utrecht
3630,Utrecht
3631,Utrecht
3632,Utrecht
3633,Utrecht
3634,Utrecht
3640,Utrecht
3641,Utrecht
3642,Utrecht
3643,Utrecht
3645,Utrecht
3646,Utrecht
3648,Utrecht
3651,Zuid-Holland
3652,Zuid-Holland
3653,Zuid-Holland
3700,Utrecht
3701,Utrecht
3702,Utrecht
3703,Utrecht
3704,Utrecht
3705,Utrecht
3706,Utrecht
3707,Utrecht
3708,Utrecht
3709,Utrecht
3710,Utrecht
3711,Utrecht
3712,Utrecht
3720,Utrecht
3721,Utrecht
3722,Utrecht
3723,Utrecht
3730,Utrecht
3731,Utrecht
3732,Utrecht
3734,Utrecht
3735,Utrecht
3737,Utrecht
3738,Utrecht
3739,Utrecht
3740,Utrecht
3741,Utrecht
3742,Utrecht
3743,Utrecht
3744,Utrecht
3749,Utrecht
3750,Utrecht
3751,Utrecht
3752,Utrecht
3754,Utrecht
3755,Utrecht
3760,Utrecht
3761,Utrecht
3762,Utrecht
3763,Utrecht
3764,Utrecht
3765,Utrecht
3766,Utrecht
3768,Utrecht
3769,Utrecht
3770,Gelderland
3771,Gelderland
3772,Gelderland
3773,Gelderland
3774,Gelderland
3775,Gelderland
3776,Gelderland
3780,Gelderland
3781,Gelderland
3784,Gelderland
3785,Gelderland
3790,Utrecht
3791,Utrecht
3792,Gelderland
3794,Gelderland
3800,Utrecht
3802,Utrecht
3811,Utrecht
3812,Utrecht
3813,Utrecht
3814,Utrecht
3815,Utrecht
3816,Utrecht
3817,Utrecht
3818,Utrecht
3819,Utrecht
3821,Utrecht
3822,Utrecht
3823,Utrecht
3824,Utrecht
3825,Utrecht
3826,Utrecht
3828,Utrecht
3829,Utrecht
3830,Utrecht
3831,Utrecht
3832,Utrecht
3833,Utrecht
3834,Utrecht
3835,Utrecht
3836,Utrecht
3840,Gelderland
3841,Gelderland
3842,Gelderland
3843,Gelderland
3844,Gelderland
3845,Gelderland
3846,Gelderland
3847,Gelderland
3848,Gelderland
3849,Gelderland
3850,Gelderland
3851,Gelderland
3852,Gelderland
3853,Gelderland
3860,Gelderland
3861,Gelderland
3862,Gelderland
3863,Gelderland
3864,Gelderland
3868,Gelderland
3870,Gelderland
3871,Gelderland
3880,Gelderland
3881,Gelderland
3882,Gelderland
3886,Gelderland
3888,Gelderland
3890,Flevoland
3891,Flevoland
3892,Flevoland
3893,Flevoland
3894,Flevoland
3895,Flevoland
3896,Flevoland
3897,Flevoland
3898,Flevoland
3899,Flevoland
3900,Utrecht
3901,Utrecht
3902,Utrecht
3903,Utrecht
3904,Utrecht
3905,Utrecht
3906,Utrecht
3907,Utrecht
3910,Utrecht
3911,Utrecht
3912,Utrecht
3920,Utrecht
3921,Utrecht
3922,Utrecht
3925,Gelderland
3927,Utrecht
3930,Utrecht
3931,Utrecht
3940,Utrecht
3941,Utrecht
3945,Utrecht
3947,Utrecht
3950,Utrecht
3951,Utrecht
3953,Utrecht
3956,Utrecht
3958,Utrecht
3959,Utrecht
3960,Utrecht
3961,Utrecht
3962,Utrecht
3970,Utrecht
3971,Utrecht
3972,Utrecht
3980,Utrecht
3981,Utrecht
3984,Utrecht
3985,Utrecht
3989,Utrecht
3990,Utrecht
3991,Utrecht
3992,Utrecht
3993,Utrecht
3994,Utrecht
3995,Utrecht
3997,Utrecht
3998,Utrecht
3999,Utrecht
4000,Gelderland
4001,Gelderland
4002,Gelderland
4003,Gelderland
4004,Gelderland
4005,Gelderland
4006,Gelderland
4007,Gelderland
4010,Gelderland
4011,Gelderland
4012,Gelderland
4013,Gelderland
4014,Gelderland
4016,Gelderland
4017,Gelderland
4020,Gelderland
4021,Gelderland
4023,Gelderland
4024,Gelderland
4030,Gelderland
4031,Gelderland
4032,Gelderland
4033,Gelderland
4040,Gelderland
4041,Gelderland
4043,Gelderland
4050,Gelderland
4051,Gelderland
4053,Gelderland
4054,Gelderland
4060,Gelderland
4061,Gelderland
4062,Gelderland
4063,Gelderland
4064,Gelderland
4100,Gelderland
4101,Gelderland
4102,Gelderland
4103,Gelderland
4104,Gelderland
4105,Gelderland
4106,Gelderland
4107,Gelderland
4110,Gelderland
4111,Gelderland
4112,Gelderland
4115,Gelderland
4116,Gelderland
4117,Gelderland
4119,Gelderland
4121,Utrecht
4122,Utrecht
4124,Utrecht
4126,Zuid-Holland
4128,Zuid-Holland
4130,Utrecht
4131,Utrecht
4132,Utrecht
4133,Utrecht
4140,Zuid-Holland
4141,Zuid-Holland
4142,Zuid-Holland
4143,Zuid-Holland
4145,Zuid-Holland
4147,Gelderland
4151,Gelderland
4152,Gelderland
4153,Gelderland
4155,Gelderland
4156,Gelderland
4157,Gelderland
4158,Gelderland
4161,Gelderland
4163,Zuid-Holland
4170,Gelderland
4171,Gelderland
4174,Gelderland
4175,Gelderland
4176,Gelderland
4180,Gelderland
4181,Gelderland
4182,Gelderland
4184,Gelderland
4185,Gelderland
4190,Gelderland
4191,Gelderland
4194,Gelderland
4196,Gelderland
4197,Gelderland
4200,Zuid-Holland
4201,Zuid-Holland
4202,Zuid-Holland
4203,Zuid-Holland
4204,Zuid-Holland
4205,Zuid-Holland
4206,Zuid-Holland
4207,Zuid-Holland
4208,Zuid-Holland
4209,Zuid-Holland
4211,Gelderland
4212,Gelderland
4213,Zuid-Holland
4214,Gelderland
4221,Zuid-Holland
4223,Zuid-Holland
4225,Zuid-Holland
4230,Zuid-Holland
4231,Zuid-Holland
4233,Zuid-Holland
4235,Zuid-Holland
4240,Zuid-Holland
4241,Zuid-Holland
4243,Zuid-Holland
4245,Zuid-Holland
4247,Zuid-Holland
4250,Noord-Brabant
4251,Noord-Brabant
4254,Noord-Brabant
4255,Noord-Brabant
4260,Noord-Brabant
4261,Noord-Brabant
4264,Noord-Brabant
4265,Noord-Brabant
4266,Noord-Brabant
4267,Noord-Brabant
4268,Noord-Brabant
4269,Noord-Brabant
4270,Noord-Brabant
4271,Noord-Brabant
4273,Noord-Brabant
4280,Noord-Brabant
4281,Noord-Brabant
4283,Noord-Brabant
4284,Noord-Brabant
4285,Noord-Brabant
4286,Noord-Brabant
4287,Noord-Brabant
4288,Noord-Brabant
4300,Zeeland
4301,Zeeland
4302,Zeeland
4303,Zeeland
4305,Zeeland
4306,Zeeland
4307,Zeeland
4308,Zeeland
4310,Zeeland
4311,Zeeland
4315,Zeeland
4316,Zeeland
4317,Zeeland
4318,Zeeland
4321,Zeeland
4322,Zeeland
4323,Zeeland
4325,Zeeland
4326,Zeeland
4327,Zeeland
4328,Zeeland
4330,Zeeland
4331,Zeeland
4332,Zeeland
4333,Zeeland
4334,Zeeland
4335,Zeeland
4336,Zeeland
4337,Zeeland
4338,Zeeland
4339,Zeeland
4340,Zeeland
4341,Zeeland
4350,Zeeland
4351,Zeeland
4352,Zeeland
4353,Zeeland
4354,Zeeland
4356,Zeeland
4357,Zeeland
4360,Zeeland
4361,Zeeland
4363,Zeeland
4364,Zeeland
4365,Zeeland
4370,Zeeland
4371,Zeeland
4373,Zeeland
4374,Zeeland
4380,Zeeland
4381,Zeeland
4382,Zeeland
4383,Zeeland
4384,Zeeland
4385,Zeeland
4386,Zeeland
4387,Zeeland
4388,Zeeland
4389,Zeeland
4400,Zeeland
4401,Zeeland
4410,Zeeland
4411,Zeeland
4413,Zeeland
4414,Zeeland
4415,Zeeland
4416,Zeeland
4417,Zeeland
4420,Zeeland
4421,Zeeland
4423,Zeeland
4424,Zeeland
4430,Zeeland
4431,Zeeland
4433,Zeeland
4434,Zeeland
4435,Zeeland
4436,Zeeland
4437,Zeeland
4438,Zeeland
4440,Zeeland
4441,Zeeland
4443,Zeeland
4444,Zeeland
4450,Zeeland
4451,Zeeland
4453,Zeeland
4454,Zeeland
4455,Zeeland
4456,Zeeland
4458,Zeeland
4460,Zeeland
4461,Zeeland
4462,Zeeland
4463,Zeeland
4464,Zeeland
4465,Zeeland
4470,Zeeland
4471,Zeeland
4472,Zeeland
4474,Zeeland
4475,Zeeland
4481,Zeeland
4482,Zeeland
4484,Zeeland
4485,Zeeland
4486,Zeeland
4490,Zeeland
4491,Zeeland
4493,Zeeland
4494,Zeeland
4500,Zeeland
4501,Zeeland
4503,Zeeland
4504,Zeeland
4505,Zeeland
4506,Zeeland
4507,Zeeland
4508,Zeeland
4510,Zeeland
4511,Zeeland
4513,Zeeland
4515,Zeeland
4520,Zeeland
4521,Zeeland
4522,Zeeland
4524,Zeeland
4525,Zeeland
4527,Zeeland
4528,Zeeland
4529,Zeeland
4530,Zeeland
4531,Zeeland
4532,Zeeland
4533,Zeeland
4535,Zeeland
4536,Zeeland
4537,Zeeland
4538,Zeeland
4539,Zeeland
4540,Zeeland
4541,Zeeland
4542,Zeeland
4543,Zeeland
4550,Zeeland
4551,Zeeland
4553,Zeeland
4554,Zeeland
4560,Zeeland
4561,Zeeland
4562,Zeeland
4564,Zeeland
4565,Zeeland
4566,Zeeland
4567,Zeeland
4568,Zeeland
4569,Zeeland
4570,Zeeland
4571,Zeeland
4574,Zeeland
4575,Zeeland
4576,Zeeland
4581,Zeeland
4583,Zeeland
4584,Zeeland
4585,Zeeland
4586,Zeeland
4587,Zeeland
4588,Zeeland
4589,Zeeland
4600,Noord-Brabant
4601,Noord-Brabant
4602,Noord-Brabant
4606,Zeeland
4611,Noord-Brabant
4612,Noord-Brabant
4613,Noord-Brabant
4614,Noord-Brabant
4615,Noord-Brabant
4616,Noord-Brabant
4617,Noord-Brabant
4621,Noord-Brabant
4622,Noord-Brabant
4623,Noord-Brabant
4624,Noord-Brabant
4625,Noord-Brabant
4630,Noord-Brabant
4631,Noord-Brabant
4634,Noord-Brabant
4635,Noord-Brabant
4640,Noord-Brabant
4641,Noord-Brabant
4645,Noord-Brabant
4650,Noord-Brabant
4651,Noord-Brabant
4652,Noord-Brabant
4655,Noord-Brabant
4660,Noord-Brabant
4661,Noord-Brabant
4664,Noord-Brabant
4670,Noord-Brabant
4671,Noord-Brabant
4675,Zeeland
4681,Noord-Brabant
4690,Zeeland
4691,Zeeland
4693,Zeeland
4694,Zeeland
4695,Zeeland
4696,Zeeland
4697,Zeeland
4698,Zeeland
4700,Noord-Brabant
4701,Noord-Brabant
4702,Noord-Brabant
4703,Noord-Brabant
4704,Noord-Brabant
4705,Noord-Brabant
4706,Noord-Brabant
4707,Noord-Brabant
4708,Noord-Brabant
4709,Noord-Brabant
4710,Noord-Brabant
4711,Noord-Brabant
4714,Noord-Brabant
4715,Noord-Brabant
4721,Noord-Brabant
4722,Noord-Brabant
4724,Noord-Brabant
4725,Noord-Brabant
4726,Noord-Brabant
4727,Noord-Brabant
4730,Noord-Brabant
4731,Noord-Brabant
4735,Noord-Brabant
4740,Noord-Brabant
4741,Noord-Brabant
4744,Noord-Brabant
4750,Noord-Brabant
4751,Noord-Brabant
4754,Noord-Brabant
4756,Noord-Brabant
4758,Noord-Brabant
4759,Noord-Brabant
4760,Noord-Brabant
4761,Noord-Brabant
4762,Noord-Brabant
4765,Noord-Brabant
4766,Noord-Brabant
4771,Noord-Brabant
4772,Noord-Brabant
4780,Noord-Brabant
4781,Noord-Brabant
4782,Noord-Brabant
4790,Noord-Brabant
4791,Noord-Brabant
4793,Noord-Brabant
4794,Noord-Brabant
4796,Noord-Brabant
4797,Noord-Brabant
4800,Noord-Brabant
4801,Noord-Brabant
4802,Noord-Brabant
4803,Noord-Brabant
4811,Noord-Brabant
4812,Noord-Brabant
4813,Noord-Brabant
4814,Noord-Brabant
4815,Noord-Brabant
4816,Noord-Brabant
4817,Noord-Brabant
4818,Noord-Brabant
4819,Noord-Brabant
4820,Noord-Brabant
4822,Noord-Brabant
4823,Noord-Brabant
4824,Noord-Brabant
4825,Noord-Brabant
4826,Noord-Brabant
4827,Noord-Brabant
4834,Noord-Brabant
4835,Noord-Brabant
4836,Noord-Brabant
4837,Noord-Brabant
4838,Noord-Brabant
4839,Noord-Brabant
4840,Noord-Brabant
4841,Noord-Brabant
4844,Noord-Brabant
4845,Noord-Brabant
4847,Noord-Brabant
4849,Noord-Brabant
4850,Noord-Brabant
4851,Noord-Brabant
4854,Noord-Brabant
4855,Noord-Brabant
4856,Noord-Brabant
4858,Noord-Brabant
4859,Noord-Brabant
4860,Noord-Brabant
4861,Noord-Brabant
4870,Noord-Brabant
4871,Noord-Brabant
4872,Noord-Brabant
4873,Noord-Brabant
4874,Noord-Brabant
4875,Noord-Brabant
4876,Noord-Brabant
4877,Noord-Brabant
4878,Noord-Brabant
4879,Noord-Brabant
4880,Noord-Brabant
4881,Noord-Brabant
4882,Noord-Brabant
4884,Noord-Brabant
4885,Noord-Brabant
4890,Noord-Brabant
4891,Noord-Brabant
4900,Noord-Brabant
4901,Noord-Brabant
4902,Noord-Brabant
4903,Noord-Brabant
4904,Noord-Brabant
4905,Noord-Brabant
4906,Noord-Brabant
4907,Noord-Brabant
4908,Noord-Brabant
4909,Noord-Brabant
4911,Noord-Brabant
4920,Noord-Brabant
4921,Noord-Brabant
4924,Noord-Brabant
4926,Noord-Brabant
4927,Noord-Brabant
4930,Noord-Brabant
4931,Noord-Brabant
4940,Noord-Brabant
4941,Noord-Brabant
4942,Noord-Brabant
4944,Noord-Brabant
5000,Noord-Brabant
5001,Noord-Brabant
5002,Noord-Brabant
5003,Noord-Brabant
5004,Noord-Brabant
5011,Noord-Brabant
5012,Noord-Brabant
5013,Noord-Brabant
5014,Noord-Brabant
5015,Noord-Brabant
5017,Noord-Brabant
5018,Noord-Brabant
5021,Noord-Brabant
5022,Noord-Brabant
5025,Noord-Brabant
5026,Noord-Brabant
5032,Noord-Brabant
5035,Noord-Brabant
5036,Noord-Brabant
5037,Noord-Brabant
5038,Noord-Brabant
5041,Noord-Brabant
5042,Noord-Brabant
5043,Noord-Brabant
5044,Noord-Brabant
5045,Noord-Brabant
5046,Noord-Brabant
5047,Noord-Brabant
5048,Noord-Brabant
5049,Noord-Brabant
5050,Noord-Brabant
5051,Noord-Brabant
5052,Noord-Brabant
5053,Noord-Brabant
5056,Noord-Brabant
5057,Noord-Brabant
5059,Noord-Brabant
5060,Noord-Brabant
5061,Noord-Brabant
5062,Noord-Brabant
5063,Noord-Brabant
5066,Noord-Brabant
5070,Noord-Brabant
5071,Noord-Brabant
5074,Noord-Brabant
5076,Noord-Brabant
5080,Noord-Brabant
5081,Noord-Brabant
5084,Noord-Brabant
5085,Noord-Brabant
5087,Noord-Brabant
5089,Noord-Brabant
5090,Noord-Brabant
5091,Noord-Brabant
5094,Noord-Brabant
5095,Noord-Brabant
5096,Noord-Brabant
5100,Noord-Brabant
5101,Noord-Brabant
5102,Noord-Brabant
5103,Noord-Brabant
5104,Noord-Brabant
5105,Noord-Brabant
5106,Noord-Brabant
5107,Noord-Brabant
5109,Noord-Brabant
5110,Noord-Brabant
5111,Noord-Brabant
5113,Noord-Brabant
5114,Noord-Brabant
5120,Noord-Brabant
5121,Noord-Brabant
5122,Noord-Brabant
5124,Noord-Brabant
5125,Noord-Brabant
5126,Noord-Brabant
5130,Noord-Brabant
5131,Noord-Brabant
5133,Noord-Brabant
5140,Noord-Brabant
5141,Noord-Brabant
5142,Noord-Brabant
5143,Noord-Brabant
5144,Noord-Brabant
5145,Noord-Brabant
5146,Noord-Brabant
5150,Noord-Brabant
5151,Noord-Brabant
5152,Noord-Brabant
5154,Noord-Brabant
5160,Noord-Brabant
5161,Noord-Brabant
5162,Noord-Brabant
5165,Noord-Brabant
5170,Noord-Brabant
5171,Noord-Brabant
5172,Noord-Brabant
5175,Noord-Brabant
5176,Noord-Brabant
5200,Noord-Brabant
5201,Noord-Brabant
5202,Noord-Brabant
5203,Noord-Brabant
5211,Noord-Brabant
5212,Noord-Brabant
5213,Noord-Brabant
5215,Noord-Brabant
5216,Noord-Brabant
5217,Zuid-Holland
5221,Noord-Brabant
5222,Noord-Brabant
5223,Noord-Brabant
5224,Noord-Brabant
5231,Noord-Brabant
5232,Noord-Brabant
5233,Noord-Brabant
5234,Noord-Brabant
5235,Noord-Brabant
5236,Noord-Brabant
5237,Noord-Brabant
5240,Noord-Brabant
5241,Noord-Brabant
5242,Noord-Brabant
5243,Noord-Brabant
5244,Noord-Brabant
5245,Noord-Brabant
5246,Noord-Brabant
5247,Noord-Brabant
5248,Noord-Brabant
5249,Noord-Brabant
5250,Noord-Brabant
5251,Noord-Brabant
5252,Noord-Brabant
5253,Noord-Brabant
5254,Noord-Brabant
5256,Noord-Brabant
5258,Noord-Brabant
5260,Noord-Brabant
5261,Noord-Brabant
5262,Noord-Brabant
5263,Noord-Brabant
5264,Noord-Brabant
5266,Noord-Brabant
5268,Noord-Brabant
5270,Noord-Brabant
5271,Noord-Brabant
5272,Noord-Brabant
5275,Noord-Brabant
5280,Noord-Brabant
5281,Noord-Brabant
5282,Noord-Brabant
5283,Noord-Brabant
5290,Noord-Brabant
5291,Noord-Brabant
5292,Noord-Brabant
5293,Noord-Brabant
5294,Noord-Brabant
5296,Noord-Brabant
5298,Noord-Brabant
5300,Gelderland
5301,Gelderland
5302,Gelderland
5305,Gelderland
5306,Gelderland
5307,Gelderland
5308,Gelderland
5310,Gelderland
5311,Gelderland
5313,Gelderland
5314,Gelderland
5315,Gelderland
5316,Gelderland
5317,Gelderland
5318,Gelderland
5320,Gelderland
5321,Gelderland
5324,Gelderland
5325,Gelderland
5327,Gelderland
5328,Gelderland
5330,Gelderland
5331,Gelderland
5333,Gelderland
5334,Gelderland
5335,Gelderland
5340,Noord-Brabant
5341,Noord-Brabant
5342,Noord-Brabant
5343,Noord-Brabant
5344,Noord-Brabant
5345,Noord-Brabant
5346,Noord-Brabant
5347,Noord-Brabant
5348,Noord-Brabant
5349,Noord-Brabant
5350,Noord-Brabant
5351,Noord-Brabant
5360,Noord-Brabant
5361,Noord-Brabant
5363,Noord-Brabant
5364,Noord-Brabant
5366,Noord-Brabant
5367,Noord-Brabant
5368,Noord-Brabant
5370,Noord-Brabant
5371,Noord-Brabant
5373,Noord-Brabant
5374,Noord-Brabant
5375,Noord-Brabant
5381,Noord-Brabant
5382,Noord-Brabant
5383,Noord-Brabant
5384,Noord-Brabant
5386,Noord-Brabant
5388,Noord-Brabant
5390,Noord-Brabant
5391,Noord-Brabant
5392,Noord-Brabant
5394,Noord-Brabant
5395,Noord-Brabant
5396,Noord-Brabant
5397,Noord-Brabant
5398,Noord-Brabant
5400,Noord-Brabant
5401,Noord-Brabant
5402,Noord-Brabant
5403,Noord-Brabant
5404,Noord-Brabant
5405,Noord-Brabant
5406,Noord-Brabant
5408,Noord-Brabant
5409,Noord-Brabant
5410,Noord-Brabant
5411,Noord-Brabant
5420,Noord-Brabant
5421,Noord-Brabant
5422,Noord-Brabant
5423,Noord-Brabant
5424,Noord-Brabant
5425,Noord-Brabant
5427,Noord-Brabant
5428,Noord-Brabant
5430,Noord-Brabant
5431,Noord-Brabant
5432,Noord-Brabant
5433,Noord-Brabant
5434,Noord-Brabant
5435,Noord-Brabant
5437,Noord-Brabant
5438,Noord-Brabant
5439,Noord-Brabant
5441,Noord-Brabant
5443,Noord-Brabant
5445,Noord-Brabant
5446,Noord-Brabant
5447,Noord-Brabant
5449,Noord-Brabant
5450,Noord-Brabant
5451,Noord-Brabant
5453,Noord-Brabant
5454,Noord-Brabant
5455,Noord-Brabant
5460,Noord-Brabant
5461,Noord-Brabant
5462,Noord-Brabant
5463,Noord-Brabant
5464,Noord-Brabant
5465,Noord-Brabant
5466,Noord-Brabant
5467,Noord-Brabant
5469,Noord-Brabant
5471,Noord-Brabant
5472,Noord-Brabant
5473,Noord-Brabant
5476,Noord-Brabant
5480,Noord-Brabant
5481,Noord-Brabant
5482,Noord-Brabant
5490,Noord-Brabant
5491,Noord-Brabant
5492,Noord-Brabant
5500,Noord-Brabant
5501,Noord-Brabant
5502,Noord-Brabant
5503,Noord-Brabant
5504,Noord-Brabant
5505,Noord-Brabant
5506,Noord-Brabant
5507,Noord-Brabant
5508,Noord-Brabant
5509,Noord-Brabant
5511,Noord-Brabant
5512,Noord-Brabant
5513,Noord-Brabant
5520,Noord-Brabant
5521,Noord-Brabant
5524,Noord-Brabant
5525,Noord-Brabant
5527,Noord-Brabant
5528,Noord-Brabant
5529,Noord-Brabant
5530,Noord-Brabant
5531,Noord-Brabant
5534,Noord-Brabant
5540,Noord-Brabant
5541,Noord-Brabant
5550,Noord-Brabant
5551,Noord-Brabant
5552,Noord-Brabant
5553,Noord-Brabant
5554,Noord-Brabant
5555,Noord-Brabant
5556,Noord-Brabant
5560,Noord-Brabant
5561,Noord-Brabant
5563,Noord-Brabant
5570,Noord-Brabant
5571,Noord-Brabant
5575,Noord-Brabant
5580,Noord-Brabant
5581,Noord-Brabant
5582,Noord-Brabant
5583,Noord-Brabant
5590,Noord-Brabant
5591,Noord-Brabant
5595,Noord-Brabant
5600,Noord-Brabant
5601,Noord-Brabant
5602,Noord-Brabant
5603,Noord-Brabant
5604,Noord-Brabant
5605,Noord-Brabant
5606,Noord-Brabant
5611,Noord-Brabant
5612,Noord-Brabant
5613,Noord-Brabant
5614,Noord-Brabant
5615,Noord-Brabant
5616,Noord-Brabant
5617,Noord-Brabant
5621,Noord-Brabant
5622,Noord-Brabant
5623,Noord-Brabant
5624,Noord-Brabant
5625,Noord-Brabant
5626,Noord-Brabant
5627,Noord-Brabant
5628,Noord-Brabant
5629,Noord-Brabant
5631,Noord-Brabant
5632,Noord-Brabant
5633,Noord-Brabant
5641,Noord-Brabant
5642,Noord-Brabant
5643,Noord-Brabant
5644,Noord-Brabant
5645,Noord-Brabant
5646,Noord-Brabant
5647,Noord-Brabant
5651,Noord-Brabant
5652,Noord-Brabant
5653,Noord-Brabant
5654,Noord-Brabant
5655,Noord-Brabant
5656,Noord-Brabant
5657,Noord-Brabant
5658,Noord-Brabant
5660,Noord-Brabant
5661,Noord-Brabant
5662,Noord-Brabant
5663,Noord-Brabant
5664,Noord-Brabant
5665,Noord-Brabant
5666,Noord-Brabant
5667,Noord-Brabant
5670,Noord-Brabant
5671,Noord-Brabant
5672,Noord-Brabant
5673,Noord-Brabant
5674,Noord-Brabant
5680,Noord-Brabant
5681,Noord-Brabant
5682,Noord-Brabant
5683,Noord-Brabant
5684,Noord-Brabant
5685,Noord-Brabant
5688,Noord-Brabant
5689,Noord-Brabant
5690,Noord-Brabant
5691,Noord-Brabant
5692,Noord-Brabant
5694,Noord-Brabant
5700,Noord-Brabant
5701,Noord-Brabant
5702,Noord-Brabant
5703,Noord-Brabant
5704,Noord-Brabant
5705,Noord-Brabant
5706,Noord-Brabant
5707,Noord-Brabant
5708,Noord-Brabant
5709,Noord-Brabant
5710,Noord-Brabant
5711,Noord-Brabant
5712,Noord-Brabant
5715,Noord-Brabant
5720,Noord-Brabant
5721,Noord-Brabant
5724,Noord-Brabant
5725,Noord-Brabant
5730,Noord-Brabant
5731,Noord-Brabant
5735,Noord-Brabant
5737,Noord-Brabant
5738,Noord-Brabant
5740,Noord-Brabant
5741,Noord-Brabant
5750,Noord-Brabant
5751,Noord-Brabant
5752,Noord-Brabant
5753,Noord-Brabant
5754,Noord-Brabant
5756,Noord-Brabant
5757,Noord-Brabant
5758,Noord-Brabant
5759,Noord-Brabant
5760,Noord-Brabant
5761,Noord-Brabant
5763,Noord-Brabant
5764,Noord-Brabant
5766,Limburg
5768,Limburg
5800,Limburg
5801,Limburg
5802,Limburg
5803,Limburg
5804,Limburg
5807,Limburg
5808,Limburg
5809,Limburg
5811,Limburg
5812,Limburg
5813,Limburg
5814,Limburg
5815,Limburg
5816,Limburg
5817,Limburg
5820,Noord-Brabant
5821,Noord-Brabant
5823,Noord-Brabant
5824,Noord-Brabant
5825,Noord-Brabant
5826,Noord-Brabant
5827,Noord-Brabant
5830,Noord-Brabant
5831,Noord-Brabant
5835,Noord-Brabant
5836,Noord-Brabant
5840,Noord-Brabant
5841,Noord-Brabant
5843,Noord-Brabant
5844,Noord-Brabant
5845,Noord-Brabant
5846,Noord-Brabant
5851,Flevoland
5853,Limburg
5854,Limburg
5855,Limburg
5856,Limburg
5860,Limburg
5861,Limburg
5862,Limburg
5863,Limburg
5864,Limburg
5865,Limburg
5866,Limburg
5871,Limburg
5872,Limburg
5900,Limburg
5901,Limburg
5902,Limburg
5911,Limburg
5912,Limburg
5913,Limburg
5914,Limburg
5915,Limburg
5916,Limburg
5921,Limburg
5922,Limburg
5923,Limburg
5924,Limburg
5925,Limburg
5926,Limburg
5927,Limburg
5928,Limburg
5930,Limburg
5931,Limburg
5932,Limburg
5935,Limburg
5940,Limburg
5941,Limburg
5943,Limburg
5944,Limburg
5950,Limburg
5951,Limburg
5953,Limburg
5954,Limburg
5960,Limburg
5961,Limburg
5962,Limburg
5963,Limburg
5964,Limburg
5966,Limburg
5970,Limburg
5971,Limburg
5973,Limburg
5975,Limburg
5976,Limburg
5977,Limburg
5980,Limburg
5981,Limburg
5984,Limburg
5985,Limburg
5986,Limburg
5987,Limburg
5988,Limburg
5990,Limburg
5991,Limburg
5993,Limburg
5995,Limburg
6000,Limburg
6001,Limburg
6002,Limburg
6003,Limburg
6004,Limburg
6005,Limburg
6006,Limburg
6011,Limburg
6012,Limburg
6013,Limburg
6014,Limburg
6015,Limburg
6017,Limburg
6019,Limburg
6020,Noord-Brabant
6021,Noord-Brabant
6023,Noord-Brabant
6024,Noord-Brabant
6026,Noord-Brabant
6027,Noord-Brabant
6028,Noord-Brabant
6029,Noord-Brabant
6030,Limburg
6031,Limburg
6034,Limburg
6035,Limburg
6037,Limburg
6039,Limburg
6040,Limburg
6041,Limburg
6042,Limburg
6043,Limburg
6044,Limburg
6045,Limburg
6049,Limburg
6050,Limburg
6051,Limburg
6060,Limburg
6061,Limburg
6063,Limburg
6065,Limburg
6067,Limburg
6070,Limburg
6071,Limburg
6074,Limburg
6075,Limburg
6077,Limburg
6080,Limburg
6081,Limburg
6082,Limburg
6083,Limburg
6085,Limburg
6086,Limburg
6088,Limburg
6089,Limburg
6091,Limburg
6092,Limburg
6093,Limburg
6095,Limburg
6096,Limburg
6097,Limburg
6099,Limburg
6100,Limburg
6101,Limburg
6102,Limburg
6104,Limburg
6105,Limburg
6107,Limburg
6109,Limburg
6111,Limburg
6112,Limburg
6114,Limburg
6116,Limburg
6118,Limburg
6120,Limburg
6121,Limburg
6122,Limburg
6123,Limburg
6124,Limburg
6125,Limburg
6127,Limburg
6129,Limburg
6130,Limburg
6131,Limburg
6132,Limburg
6133,Limburg
6134,Limburg
6135,Limburg
6136,Limburg
6137,Limburg
6141,Limburg
6142,Limburg
6143,Limburg
6151,Limburg
6153,Limburg
6155,Limburg
6160,Limburg
6161,Limburg
6162,Limburg
6163,Limburg
6164,Limburg
6165,Limburg
6166,Limburg
6167,Limburg
6170,Limburg
6171,Limburg
6174,Limburg
6176,Limburg
6180,Limburg
6181,Limburg
6190,Limburg
6191,Limburg
6199,Limburg
6200,Limburg
6201,Limburg
6202,Limburg
6203,Limburg
6211,Limburg
6212,Limburg
6213,Limburg
6214,Limburg
6215,Limburg
6216,Limburg
6217,Limburg
6218,Limburg
6219,Limburg
6221,Limburg
6222,Limburg
6223,Limburg
6224,Limburg
6225,Limburg
6226,Limburg
6227,Limburg
6228,Limburg
6229,Limburg
6230,Limburg
6231,Limburg
6235,Limburg
6237,Limburg
6240,Limburg
6241,Limburg
6243,Limburg
6245,Limburg
6247,Limburg
6251,Limburg
6252,Limburg
6255,Limburg
6261,Limburg
6262,Limburg
6265,Limburg
6267,Limburg
6268,Limburg
6269,Limburg
6270,Limburg
6271,Limburg
6273,Limburg
6274,Limburg
6276,Limburg
6277,Limburg
6278,Limburg
6281,Limburg
6285,Limburg
6286,Limburg
6287,Limburg
6289,Limburg
6290,Limburg
6291,Limburg
6294,Limburg
6295,Limburg
6300,Limburg
6301,Limburg
6305,Limburg
6307,Limburg
6311,Limburg
6312,Limburg
6320,Limburg
6321,Limburg
6325,Limburg
6333,Limburg
6336,Limburg
6341,Limburg
6342,Limburg
6343,Limburg
6350,Limburg
6351,Limburg
6353,Limburg
6360,Limburg
6361,Limburg
6363,Limburg
6365,Limburg
6367,Limburg
6369,Limburg
6370,Limburg
6371,Limburg
6372,Limburg
6373,Limburg
6374,Limburg
6400,Limburg
6401,Limburg
6411,Limburg
6412,Limburg
6413,Limburg
6414,Limburg
6415,Limburg
6416,Limburg
6417,Limburg
6418,Limburg
6419,Limburg
6421,Limburg
6422,Limburg
6430,Limburg
6431,Limburg
6432,Limburg
6433,Limburg
6436,Limburg
6438,Limburg
6439,Limburg
6440,Limburg
6441,Limburg
6442,Limburg
6443,Limburg
6444,Limburg
6445,Limburg
6446,Limburg
6447,Limburg
6450,Limburg
6451,Limburg
6454,Limburg
6456,Limburg
6460,Limburg
6461,Limburg
6462,Limburg
6463,Limburg
6464,Limburg
6465,Limburg
6466,Limburg
6467,Limburg
6468,Limburg
6469,Limburg
6470,Limburg
6471,Limburg
6500,Gelderland
6501,Gelderland
6503,Gelderland
6504,Gelderland
6511,Gelderland
6512,Gelderland
6515,Gelderland
6521,Gelderland
6522,Gelderland
6523,Gelderland
6524,Gelderland
6525,Gelderland
6531,Gelderland
6532,Gelderland
6533,Gelderland
6534,Gelderland
6535,Gelderland
6536,Gelderland
6537,Gelderland
6538,Gelderland
6541,Gelderland
6542,Gelderland
6543,Gelderland
6544,Gelderland
6545,Gelderland
6546,Gelderland
6550,Gelderland
6551,Gelderland
6560,Gelderland
6561,Gelderland
6562,Gelderland
6564,Gelderland
6566,Gelderland
6570,Gelderland
6571,Gelderland
6572,Gelderland
6573,Gelderland
6574,Gelderland
6575,Gelderland
6576,Gelderland
6577,Gelderland
6578,Gelderland
6579,Gelderland
6580,Gelderland
6581,Gelderland
6582,Gelderland
6584,Limburg
6585,Limburg
6586,Limburg
6587,Limburg
6590,Limburg
6591,Limburg
6595,Limburg
6596,Limburg
6598,Limburg
6599,Limburg
6600,Gelderland
6601,Gelderland
6602,Gelderland
6603,Gelderland
6604,Gelderland
6605,Gelderland
6606,Gelderland
6610,Gelderland
6611,Gelderland
6612,Gelderland
6613,Gelderland
6615,Gelderland
6616,Gelderland
6617,Gelderland
6620,Gelderland
6621,Gelderland
6624,Gelderland
6626,Gelderland
6627,Gelderland
6628,Gelderland
6629,Gelderland
6631,Gelderland
6634,Gelderland
6640,Gelderland
6641,Gelderland
6642,Gelderland
6644,Gelderland
6645,Gelderland
6650,Gelderland
6651,Gelderland
6652,Gelderland
6653,Gelderland
6654,Gelderland
6655,Gelderland
6657,Gelderland
6658,Gelderland
6659,Gelderland
6660,Gelderland
6661,Gelderland
6662,Gelderland
6663,Gelderland
6665,Gelderland
6666,Gelderland
6668,Gelderland
6669,Gelderland
6670,Gelderland
6671,Gelderland
6672,Gelderland
6673,Gelderland
6674,Gelderland
6675,Gelderland
6676,Gelderland
6677,Gelderland
6678,Gelderland
6680,Gelderland
6681,Gelderland
6684,Gelderland
6685,Gelderland
6686,Gelderland
6687,Gelderland
6690,Gelderland
6691,Gelderland
6700,Gelderland
6701,Gelderland
6702,Gelderland
6703,Gelderland
6704,Gelderland
6705,Gelderland
6706,Gelderland
6707,Gelderland
6708,Gelderland
6709,Gelderland
6710,Gelderland
6711,Gelderland
6712,Gelderland
6713,Gelderland
6714,Gelderland
6715,Gelderland
6716,Gelderland
6717,Gelderland
6718,Gelderland
6720,Gelderland
6721,Gelderland
6730,Gelderland
6731,Gelderland
6732,Gelderland
6733,Gelderland
6740,Gelderland
6741,Gelderland
6744,Gelderland
6745,Gelderland
6800,Gelderland
6801,Gelderland
6802,Gelderland
6803,Gelderland
6811,Gelderland
6812,Gelderland
6813,Gelderland
6814,Gelderland
6815,Gelderland
6816,Gelderland
6817,Gelderland
6821,Gelderland
6822,Gelderland
6823,Gelderland
6824,Gelderland
6825,Gelderland
6826,Gelderland
6827,Gelderland
6828,Gelderland
6831,Gelderland
6832,Gelderland
6833,Gelderland
6834,Gelderland
6835,Gelderland
6836,Gelderland
6841,Gelderland
6842,Gelderland
6843,Gelderland
6844,Gelderland
6845,Gelderland
6846,Gelderland
6850,Gelderland
6851,Gelderland
6852,Gelderland
6860,Gelderland
6861,Gelderland
6862,Gelderland
6865,Gelderland
6866,Gelderland
6869,Gelderland
6870,Gelderland
6871,Gelderland
6874,Gelderland
6877,Gelderland
6880,Gelderland
6881,Gelderland
6882,Gelderland
6883,Gelderland
6891,Gelderland
6900,Gelderland
6901,Gelderland
6902,Gelderland
6903,Gelderland
6904,Gelderland
6905,Gelderland
6909,Gelderland
6911,Gelderland
6913,Gelderland
6914,Gelderland
6915,Gelderland
6916,Gelderland
6917,Gelderland
6920,Gelderland
6921,Gelderland
6922,Gelderland
6923,Gelderland
6924,Gelderland
6930,Gelderland
6931,Gelderland
6932,Gelderland
6940,Gelderland
6941,Gelderland
6942,Gelderland
6950,Gelderland
6951,Gelderland
6952,Gelderland
6953,Gelderland
6955,Gelderland
6956,Gelderland
6957,Gelderland
6960,Gelderland
6961,Gelderland
6964,Gelderland
6969,Limburg
6970,Gelderland
6971,Gelderland
6974,Gelderland
6975,Gelderland
6980,Gelderland
6981,Gelderland
6982,Gelderland
6983,Gelderland
6984,Gelderland
6986,Gelderland
6987,Gelderland
6988,Gelderland
6990,Gelderland
6991,Gelderland
6994,Gelderland
6996,Gelderland
6997,Gelderland
6998,Gelderland
6999,Gelderland
7000,Gelderland
7001,Gelderland
7002,Gelderland
7003,Gelderland
7004,Gelderland
7005,Gelderland
7006,Gelderland
7007,Gelderland
7008,Gelderland
7009,Gelderland
7010,Gelderland
7011,Gelderland
7020,Gelderland
7021,Gelderland
7025,Gelderland
7030,Gelderland
7031,Gelderland
7035,Gelderland
7036,Gelderland
7037,Gelderland
7038,Gelderland
7039,Gelderland
7040,Gelderland
7041,Gelderland
7044,Gelderland
7045,Gelderland
7046,Gelderland
7047,Gelderland
7048,Gelderland
7050,Gelderland
7051,Gelderland
7054,Gelderland
7055,Gelderland
7060,Gelderland
7061,Gelderland
7064,Gelderland
7065,Gelderland
7070,Gelderland
7071,Gelderland
7075,Gelderland
7076,Gelderland
7077,Gelderland
7078,Gelderland
7080,Gelderland
7081,Gelderland
7083,Gelderland
7084,Gelderland
7090,Gelderland
7091,Gelderland
7095,Gelderland
7100,Gelderland
7101,Gelderland
7102,Gelderland
7103,Gelderland
7104,Gelderland
7105,Gelderland
7106,Gelderland
7107,Gelderland
7108,Gelderland
7109,Gelderland
7113,Gelderland
7115,Gelderland
7119,Gelderland
7120,Gelderland
7121,Gelderland
7122,Gelderland
7123,Gelderland
7126,Gelderland
7130,Gelderland
7131,Gelderland
7132,Gelderland
7134,Gelderland
7135,Gelderland
7136,Gelderland
7137,Gelderland
7140,Gelderland
7141,Gelderland
7142,Gelderland
7150,Gelderland
7151,Gelderland
7152,Gelderland
7156,Gelderland
7157,Gelderland
7160,Gelderland
7161,Gelderland
7165,Gelderland
7200,Gelderland
7201,Gelderland
7202,Gelderland
7203,Gelderland
7204,Gelderland
7205,Gelderland
7206,Gelderland
7207,Gelderland
7210,Gelderland
7211,Gelderland
7213,Gelderland
7214,Gelderland
7215,Gelderland
7216,Gelderland
7217,Gelderland
7218,Gelderland
7220,Gelderland
7221,Gelderland
7223,Gelderland
7224,Gelderland
7225,Gelderland
7226,Gelderland
7227,Gelderland
7230,Gelderland
7231,Gelderland
7232,Gelderland
7233,Gelderland
7234,Gelderland
7240,Gelderland
7241,Gelderland
7242,Gelderland
7244,Gelderland
7245,Gelderland
7250,Gelderland
7251,Gelderland
7255,Gelderland
7256,Gelderland
7260,Gelderland
7261,Gelderland
7263,Gelderland
7270,Gelderland
7271,Gelderland
7273,Gelderland
7274,Gelderland
7275,Gelderland
7283,Drenthe
7300,Gelderland
7301,Gelderland
7302,Gelderland
7303,Gelderland
7311,Gelderland
7312,Gelderland
7313,Gelderland
7314,Gelderland
7315,Gelderland
7316,Gelderland
7317,Gelderland
7320,Gelderland
7321,Gelderland
7322,Gelderland
7323,Gelderland
7324,Gelderland
7325,Gelderland
7326,Gelderland
7327,Gelderland
7328,Gelderland
7329,Gelderland
7331,Gelderland
7332,Gelderland
7333,Gelderland
7334,Gelderland
7335,Gelderland
7336,Gelderland
7339,Gelderland
7341,Gelderland
7342,Gelderland
7345,Gelderland
7346,Gelderland
7348,Gelderland
7350,Gelderland
7351,Gelderland
7352,Gelderland
7360,Gelderland
7361,Gelderland
7364,Gelderland
7370,Gelderland
7371,Gelderland
7380,Gelderland
7381,Gelderland
7382,Gelderland
7383,Gelderland
7384,Gelderland
7390,Gelderland
7391,Gelderland
7392,Gelderland
7395,Gelderland
7396,Gelderland
7397,Gelderland
7399,Gelderland
7400,Overijssel
7401,Overijssel
7411,Overijssel
7412,Overijssel
7413,Overijssel
7414,Overijssel
7415,Overijssel
7416,Overijssel
7417,Overijssel
7418,Overijssel
7419,Overijssel
7420,Overijssel
7421,Overijssel
7422,Overijssel
7423,Overijssel
7424,Overijssel
7425,Overijssel
7426,Overijssel
7427,Overijssel
7428,Overijssel
7429,Overijssel
7430,Overijssel
7431,Overijssel
7433,Overijssel
7434,Overijssel
7435,Overijssel
7437,Overijssel
7439,Gelderland
7440,Overijssel
7441,Overijssel
7442,Overijssel
7443,Overijssel
7447,Overijssel
7448,Overijssel
7450,Overijssel
7451,Overijssel
7460,Overijssel
7461,Overijssel
7462,Overijssel
7463,Overijssel
7466,Overijssel
7467,Overijssel
7468,Overijssel
7470,Overijssel
7471,Overijssel
7472,Overijssel
7475,Overijssel
7478,Overijssel
7480,Overijssel
7481,Overijssel
7482,Overijssel
7483,Overijssel
7490,Overijssel
7491,Overijssel
7495,Overijssel
7496,Overijssel
7497,Overijssel
7500,Overijssel
7502,Overijssel
7503,Overijssel
7504,Overijssel
7511,Overijssel
7512,Overijssel
7513,Overijssel
7514,Overijssel
7521,Overijssel
7522,Overijssel
7523,Overijssel
7524,Overijssel
7525,Overijssel
7531,Overijssel
7532,Overijssel
7533,Overijssel
7534,Overijssel
7535,Overijssel
7536,Overijssel
7541,Overijssel
7542,Overijssel
7543,Overijssel
7544,Overijssel
7545,Overijssel
7546,Overijssel
7547,Overijssel
7548,Overijssel
7550,Overijssel
7551,Overijssel
7552,Overijssel
7553,Overijssel
7554,Overijssel
7555,Overijssel
7556,Overijssel
7557,Overijssel
7558,Overijssel
7559,Overijssel
7561,Overijssel
7562,Overijssel
7570,Overijssel
7571,Overijssel
7572,Overijssel
7573,Overijssel
7574,Overijssel
7575,Overijssel
7576,Overijssel
7577,Overijssel
7580,Overijssel
7581,Overijssel
7582,Overijssel
7585,Overijssel
7586,Overijssel
7587,Overijssel
7588,Overijssel
7590,Overijssel
7591,Overijssel
7595,Overijssel
7596,Overijssel
7597,Overijssel
7600,Overijssel
7601,Overijssel
7602,Overijssel
7603,Overijssel
7604,Overijssel
7605,Overijssel
7606,Overijssel
7607,Overijssel
7608,Overijssel
7609,Overijssel
7610,Overijssel
7611,Overijssel
7614,Overijssel
7615,Overijssel
7620,Overijssel
7621,Overijssel
7622,Overijssel
7623,Overijssel
7625,Overijssel
7626,Overijssel
7627,Overijssel
7630,Overijssel
7631,Overijssel
7634,Overijssel
7635,Overijssel
7636,Overijssel
7637,Overijssel
7638,Overijssel
7640,Overijssel
7641,Overijssel
7642,Overijssel
7645,Overijssel
7650,Overijssel
7651,Overijssel
7661,Overijssel
7662,Overijssel
7663,Overijssel
7664,Overijssel
7665,Overijssel
7666,Overijssel
7667,Overijssel
7668,Overijssel
7670,Overijssel
7671,Overijssel
7672,Overijssel
7675,Overijssel
7676,Overijssel
7678,Overijssel
7679,Overijssel
7680,Overijssel
7681,Overijssel
7683,Overijssel
7685,Overijssel
7686,Overijssel
7687,Overijssel
7688,Overijssel
7690,Overijssel
7691,Overijssel
7692,Overijssel
7693,Overijssel
7694,Overijssel
7695,Overijssel
7696,Overijssel
7700,Overijssel
7701,Overijssel
7702,Overijssel
7705,Drenthe
7707,Overijssel
7710,Overijssel
7711,Overijssel
7715,Overijssel
7720,Overijssel
7721,Overijssel
7722,Overijssel
7730,Overijssel
7731,Overijssel
7734,Overijssel
7735,Overijssel
7736,Overijssel
7737,Overijssel
7738,Overijssel
7739,Overijssel
7740,Drenthe
7741,Drenthe
7742,Drenthe
7750,Drenthe
7751,Drenthe
7753,Drenthe
7754,Drenthe
7755,Drenthe
7756,Drenthe
7760,Drenthe
7761,Drenthe
7764,Drenthe
7765,Drenthe
7766,Drenthe
7770,Overijssel
7771,Overijssel
7772,Overijssel
7773,Overijssel
7775,Overijssel
7776,Overijssel
7777,Overijssel
7778,Overijssel
7779,Overijssel
7780,Overijssel
7781,Overijssel
7782,Overijssel
7783,Overijssel
7784,Overijssel
7785,Overijssel
7786,Overijssel
7787,Overijssel
7788,Overijssel
7791,Overijssel
7792,Overijssel
7793,Overijssel
7794,Overijssel
7795,Overijssel
7796,Overijssel
7797,Overijssel
7798,Overijssel
7800,Drenthe
7801,Drenthe
7811,Drenthe
7812,Drenthe
7813,Drenthe
7814,Drenthe
7815,Drenthe
7821,Drenthe
7822,Drenthe
7823,Drenthe
7824,Drenthe
7825,Drenthe
7826,Drenthe
7827,Drenthe
7828,Drenthe
7830,Drenthe
7831,Drenthe
7833,Drenthe
7840,Drenthe
7841,Drenthe
7842,Drenthe
7843,Drenthe
7844,Drenthe
7845,Drenthe
7846,Drenthe
7847,Drenthe
7848,Drenthe
7849,Drenthe
7851,Drenthe
7852,Drenthe
7853,Drenthe
7854,Drenthe
7855,Drenthe
7856,Drenthe
7858,Drenthe
7859,Drenthe
7860,Drenthe
7861,Drenthe
7863,Drenthe
7864,Drenthe
7871,Drenthe
7872,Drenthe
7873,Drenthe
7874,Drenthe
7875,Drenthe
7876,Drenthe
7877,Drenthe
7880,Drenthe
7881,Drenthe
7884,Drenthe
7885,Drenthe
7887,Drenthe
7889,Drenthe
7890,Drenthe
7891,Drenthe
7892,Drenthe
7894,Drenthe
7895,Drenthe
7900,Drenthe
7901,Drenthe
7902,Drenthe
7903,Drenthe
7904,Drenthe
7905,Drenthe
7906,Drenthe
7907,Drenthe
7908,Drenthe
7909,Drenthe
7910,Drenthe
7911,Drenthe
7912,Drenthe
7913,Drenthe
7914,Drenthe
7915,Drenthe
7916,Drenthe
7917,Drenthe
7918,Drenthe
7920,Drenthe
7921,Drenthe
7924,Drenthe
7925,Drenthe
7926,Drenthe
7927,Drenthe
7928,Drenthe
7929,Drenthe
7931,Drenthe
7932,Drenthe
7933,Drenthe
7934,Drenthe
7935,Drenthe
7936,Drenthe
7937,Drenthe
7938,Drenthe
7940,Drenthe
7941,Drenthe
7942,Drenthe
7943,Drenthe
7944,Drenthe
7946,Overijssel
7948,Drenthe
7949,Drenthe
7950,Overijssel
7951,Overijssel
7954,Overijssel
7955,Overijssel
7957,Drenthe
7958,Drenthe
7960,Drenthe
7961,Drenthe
7963,Drenthe
7964,Drenthe
7965,Drenthe
7966,Drenthe
7970,Drenthe
7971,Drenthe
7973,Drenthe
7974,Drenthe
7975,Drenthe
7980,Drenthe
7981,Drenthe
7983,Drenthe
7984,Drenthe
7985,Drenthe
7986,Drenthe
7990,Drenthe
7991,Drenthe
8000,Overijssel
8001,Overijssel
8002,Overijssel
8003,Overijssel
8004,Overijssel
8007,Overijssel
8011,Overijssel
8012,Overijssel
8013,Overijssel
8014,Overijssel
8015,Overijssel
8016,Overijssel
8017,Overijssel
8019,Overijssel
8021,Overijssel
8022,Overijssel
8023,Overijssel
8024,Overijssel
8025,Overijssel
8026,Overijssel
8028,Overijssel
8031,Overijssel
8032,Overijssel
8033,Overijssel
8034,Overijssel
8035,Overijssel
8041,Overijssel
8042,Overijssel
8043,Overijssel
8044,Overijssel
8045,Overijssel
8050,Gelderland
8051,Gelderland
8052,Gelderland
8055,Overijssel
8060,Overijssel
8061,Overijssel
8064,Overijssel
8066,Overijssel
8070,Gelderland
8071,Gelderland
8072,Gelderland
8075,Gelderland
8076,Gelderland
8077,Gelderland
8079,Gelderland
8080,Gelderland
8081,Gelderland
8082,Gelderland
8084,Gelderland
8085,Gelderland
8090,Gelderland
8091,Gelderland
8094,Gelderland
8095,Gelderland
8096,Gelderland
8097,Gelderland
8100,Overijssel
8101,Overijssel
8102,Overijssel
8103,Overijssel
8105,Overijssel
8106,Overijssel
8107,Overijssel
8110,Overijssel
8111,Overijssel
8112,Overijssel
8120,Overijssel
8121,Overijssel
8124,Overijssel
8130,Overijssel
8131,Overijssel
8140,Overijssel
8141,Overijssel
8144,Overijssel
8146,Overijssel
8147,Overijssel
8148,Overijssel
8150,Overijssel
8151,Overijssel
8152,Overijssel
8153,Overijssel
8154,Overijssel
8160,Gelderland
8161,Gelderland
8162,Gelderland
8166,Gelderland
8167,Gelderland
8170,Gelderland
8171,Gelderland
8172,Gelderland
8180,Gelderland
8181,Gelderland
8190,Gelderland
8191,Gelderland
8193,Gelderland
8194,Gelderland
8196,Overijssel
8198,Overijssel
8200,Flevoland
8202,Flevoland
8203,Flevoland
8211,Flevoland
8212,Flevoland
8218,Flevoland
8219,Flevoland
8221,Flevoland
8222,Flevoland
8223,Flevoland
8224,Flevoland
8225,Flevoland
8226,Flevoland
8231,Flevoland
8232,Flevoland
8233,Flevoland
8239,Flevoland
8241,Flevoland
8242,Flevoland
8243,Flevoland
8244,Flevoland
8245,Flevoland
8250,Flevoland
8251,Flevoland
8252,Flevoland
8253,Flevoland
8254,Flevoland
8255,Flevoland
8256,Flevoland
8260,Overijssel
8261,Overijssel
8262,Overijssel
8263,Overijssel
8264,Overijssel
8265,Overijssel
8266,Overijssel
8267,Overijssel
8271,Overijssel
8274,Overijssel
8275,Overijssel
8276,Overijssel
8277,Overijssel
8278,Overijssel
8280,Overijssel
8281,Overijssel
8291,Overijssel
8293,Overijssel
8294,Overijssel
8300,Flevoland
8301,Flevoland
8302,Flevoland
8303,Flevoland
8304,Flevoland
8305,Flevoland
8307,Flevoland
8308,Flevoland
8309,Flevoland
8311,Flevoland
8312,Flevoland
8313,Flevoland
8314,Flevoland
8315,Flevoland
8316,Flevoland
8317,Flevoland
8319,Flevoland
8320,Flevoland
8321,Flevoland
8322,Flevoland
8325,Overijssel
8326,Overijssel
8330,Overijssel
8331,Overijssel
8332,Overijssel
8333,Overijssel
8334,Overijssel
8335,Overijssel
8336,Overijssel
8337,Overijssel
8338,Overijssel
8339,Overijssel
8341,Overijssel
8342,Overijssel
8343,Overijssel
8344,Overijssel
8345,Overijssel
8346,Overijssel
8347,Overijssel
8351,Drenthe
8355,Overijssel
8356,Overijssel
8361,Overijssel
8362,Overijssel
8363,Overijssel
8371,Overijssel
8372,Overijssel
8373,Overijssel
8374,Overijssel
8375,Overijssel
8376,Overijssel
8377,Overijssel
8378,Overijssel
8380,Drenthe
8381,Drenthe
8382,Drenthe
8383,Drenthe
8384,Drenthe
8385,Drenthe
8386,Drenthe
8387,Drenthe
8388,Friesland
8389,Friesland
8390,Friesland
8391,Friesland
8392,Friesland
8393,Friesland
8394,Friesland
8395,Friesland
8396,Friesland
8397,Friesland
8398,Friesland
8400,Friesland
8401,Friesland
8403,Friesland
8404,Friesland
8405,Friesland
8406,Friesland
8407,Friesland
8408,Friesland
8409,Friesland
8410,Friesland
8411,Friesland
8412,Friesland
8413,Friesland
8414,Friesland
8415,Friesland
8420,Friesland
8421,Friesland
8422,Friesland
8423,Friesland
8424,Friesland
8425,Friesland
8426,Friesland
8427,Friesland
8428,Friesland
8430,Friesland
8431,Friesland
8432,Friesland
8433,Friesland
8434,Friesland
8435,Friesland
8437,Drenthe
8438,Drenthe
8439,Drenthe
8440,Friesland
8441,Friesland
8442,Friesland
8443,Friesland
8444,Friesland
8445,Friesland
8446,Friesland
8447,Friesland
8448,Friesland
8449,Friesland
8451,Friesland
8452,Friesland
8453,Friesland
8454,Friesland
8455,Friesland
8456,Friesland
8457,Friesland
8458,Friesland
8459,Friesland
8461,Friesland
8462,Friesland
8463,Friesland
8464,Friesland
8465,Friesland
8466,Friesland
8467,Friesland
8468,Friesland
8469,Friesland
8470,Friesland
8471,Friesland
8472,Friesland
8474,Friesland
8475,Friesland
8476,Friesland
8477,Friesland
8478,Friesland
8479,Friesland
8481,Friesland
8482,Friesland
8483,Friesland
8484,Friesland
8485,Friesland
8486,Friesland
8487,Friesland
8488,Friesland
8489,Friesland
8490,Friesland
8491,Friesland
8493,Friesland
8494,Friesland
8495,Friesland
8497,Friesland
8500,Friesland
8501,Friesland
8502,Friesland
8503,Friesland
8505,Friesland
8506,Friesland
8507,Friesland
8508,Friesland
8511,Friesland
8512,Friesland
8513,Friesland
8514,Friesland
8515,Friesland
8516,Friesland
8517,Friesland
8520,Friesland
8521,Friesland
8522,Friesland
8523,Friesland
8524,Friesland
8525,Friesland
8526,Friesland
8527,Friesland
8528,Friesland
8529,Friesland
8530,Friesland
8531,Friesland
8532,Friesland
8534,Friesland
8535,Friesland
8536,Friesland
8537,Friesland
8538,Friesland
8539,Friesland
8541,Friesland
8542,Friesland
8550,Friesland
8551,Friesland
8552,Friesland
8553,Friesland
8554,Friesland
8556,Friesland
8560,Friesland
8561,Friesland
8563,Friesland
8564,Friesland
8565,Friesland
8566,Friesland
8567,Friesland
8571,Friesland
8572,Friesland
8573,Friesland
8574,Friesland
8581,Friesland
8582,Friesland
8583,Friesland
8584,Friesland
8600,Friesland
8601,Friesland
8602,Friesland
8603,Friesland
8604,Friesland
8605,Friesland
8606,Friesland
8607,Friesland
8608,Friesland
8611,Friesland
8612,Friesland
8613,Friesland
8614,Friesland
8615,Friesland
8616,Friesland
8617,Friesland
8618,Friesland
8620,Friesland
8621,Friesland
8622,Friesland
8623,Friesland
8624,Friesland
8625,Friesland
8626,Friesland
8627,Friesland
8628,Friesland
8629,Friesland
8631,Friesland
8632,Friesland
8633,Friesland
8635,Friesland
8636,Friesland
8637,Friesland
8641,Friesland
8642,Friesland
8644,Friesland
8647,Friesland
8650,Friesland
8651,Friesland
8658,Friesland
8700,Friesland
8701,Friesland
8702,Friesland
8710,Friesland
8711,Friesland
8713,Friesland
8715,Friesland
8721,Friesland
8722,Friesland
8723,Friesland
8724,Friesland
8730,Friesland
8731,Friesland
8732,Friesland
8733,Friesland
8734,Friesland
8735,Friesland
8736,Friesland
8737,Friesland
8741,Friesland
8742,Friesland
8743,Friesland
8744,Friesland
8745,Friesland
8746,Friesland
8747,Friesland
8748,Friesland
8749,Friesland
8751,Friesland
8752,Friesland
8753,Friesland
8754,Friesland
8755,Friesland
8756,Friesland
8757,Friesland
8758,Friesland
8759,Friesland
8761,Friesland
8762,Friesland
8763,Friesland
8764,Friesland
8765,Friesland
8766,Friesland
8771,Friesland
8772,Friesland
8773,Friesland
8774,Friesland
8775,Friesland
8800,Friesland
8801,Friesland
8802,Friesland
8804,Friesland
8805,Friesland
8806,Friesland
8807,Friesland
8808,Friesland
8809,Friesland
8811,Friesland
8812,Friesland
8813,Friesland
8814,Friesland
8816,Friesland
8821,Friesland
8822,Friesland
8823,Friesland
8830,Friesland
8831,Friesland
8832,Friesland
8833,Friesland
8834,Friesland
8835,Friesland
8841,Friesland
8842,Friesland
8843,Friesland
8844,Friesland
8845,Friesland
8850,Friesland
8851,Friesland
8852,Friesland
8853,Friesland
8854,Friesland
8855,Friesland
8856,Friesland
8857,Friesland
8860,Friesland
8861,Friesland
8862,Friesland
8871,Friesland
8872,Friesland
8880,Friesland
8881,Friesland
8882,Friesland
8883,Friesland
8884,Friesland
8885,Friesland
8890,Friesland
8891,Friesland
8892,Friesland
8893,Friesland
8894,Friesland
8895,Friesland
8896,Friesland
8897,Friesland
8899,Friesland
8900,Friesland
8901,Friesland
8902,Friesland
8903,Friesland
8911,Friesland
8912,Friesland
8913,Friesland
8914,Friesland
8915,Friesland
8916,Friesland
8917,Friesland
8918,Friesland
8919,Friesland
8921,Friesland
8922,Friesland
8923,Friesland
8924,Friesland
8925,Friesland
8926,Friesland
8927,Friesland
8931,Friesland
8932,Friesland
8933,Friesland
8934,Friesland
8935,Friesland
8936,Friesland
8937,Friesland
8938,Friesland
8939,Friesland
8941,Friesland
9000,Friesland
9001,Friesland
9003,Friesland
9004,Friesland
9005,Friesland
9006,Friesland
9007,Friesland
9008,Friesland
9009,Friesland
9011,Friesland
9012,Friesland
9013,Friesland
9014,Friesland
9021,Friesland
9022,Friesland
9023,Friesland
9024,Friesland
9025,Friesland
9026,Friesland
9027,Friesland
9031,Friesland
9032,Friesland
9033,Friesland
9034,Friesland
9035,Friesland
9036,Friesland
9037,Friesland
9038,Friesland
9040,Friesland
9041,Friesland
9043,Friesland
9044,Friesland
9045,Friesland
9047,Friesland
9050,Friesland
9051,Friesland
9053,Friesland
9054,Friesland
9055,Friesland
9056,Friesland
9057,Friesland
9060,Friesland
9061,Friesland
9062,Friesland
9063,Friesland
9064,Friesland
9067,Friesland
9071,Friesland
9072,Friesland
9073,Friesland
9074,Friesland
9075,Friesland
9076,Friesland
9077,Friesland
9078,Friesland
9079,Friesland
9081,Friesland
9082,Friesland
9083,Friesland
9084,Friesland
9085,Friesland
9086,Friesland
9087,Friesland
9088,Friesland
9089,Friesland
9091,Friesland
9100,Friesland
9101,Friesland
9102,Friesland
9103,Friesland
9104,Friesland
9105,Friesland
9106,Friesland
9107,Friesland
9108,Friesland
9109,Friesland
9111,Friesland
9112,Friesland
9113,Friesland
9114,Friesland
9121,Friesland
9122,Friesland
9123,Friesland
9124,Friesland
9125,Friesland
9131,Friesland
9132,Friesland
9133,Friesland
9134,Friesland
9135,Friesland
9136,Friesland
9137,Friesland
9138,Friesland
9141,Friesland
9142,Friesland
9143,Friesland
9144,Friesland
9145,Friesland
9146,Friesland
9147,Friesland
9148,Friesland
9150,Friesland
9151,Friesland
9152,Friesland
9153,Friesland
9154,Friesland
9155,Friesland
9156,Friesland
9160,Friesland
9161,Friesland
9162,Friesland
9163,Friesland
9164,Friesland
9166,Friesland
9171,Friesland
9172,Friesland
9173,Friesland
9174,Friesland
9175,Friesland
9176,Friesland
9177,Friesland
9178,Friesland
9200,Friesland
9201,Friesland
9202,Friesland
9203,Friesland
9204,Friesland
9205,Friesland
9206,Friesland
9207,Friesland
9211,Friesland
9212,Friesland
9213,Friesland
9214,Friesland
9215,Friesland
9216,Friesland
9217,Friesland
9218,Friesland
9219,Friesland
9221,Friesland
9222,Friesland
9223,Friesland
9230,Friesland
9231,Friesland
9233,Friesland
9240,Friesland
9241,Friesland
9243,Friesland
9244,Friesland
9245,Friesland
9246,Friesland
9247,Friesland
9248,Friesland
9249,Friesland
9250,Friesland
9251,Friesland
9254,Friesland
9255,Friesland
9256,Friesland
9257,Friesland
9258,Friesland
9260,Friesland
9261,Friesland
9262,Friesland
9263,Friesland
9264,Friesland
9265,Friesland
9269,Friesland
9270,Friesland
9271,Friesland
9280,Friesland
9281,Friesland
9283,Friesland
9284,Friesland
9285,Friesland
9286,Friesland
9287,Friesland
9288,Friesland
9289,Friesland
9290,Friesland
9291,Friesland
9292,Friesland
9293,Friesland
9294,Friesland
9295,Friesland
9296,Friesland
9297,Friesland
9298,Friesland
9299,Friesland
9300,Drenthe
9301,Drenthe
9302,Drenthe
9304,Drenthe
9305,Drenthe
9306,Drenthe
9307,Drenthe
9311,Drenthe
9312,Drenthe
9313,Drenthe
9314,Drenthe
9315,Drenthe
9320,Drenthe
9321,Drenthe
9330,Drenthe
9331,Drenthe
9333,Drenthe
9334,Drenthe
9335,Drenthe
9336,Drenthe
9337,Drenthe
9341,Drenthe
9342,Drenthe
9343,Drenthe
9350,Groningen
9351,Groningen
9354,Groningen
9355,Groningen
9356,Groningen
9359,Groningen
9361,Groningen
9362,Groningen
9363,Groningen
9364,Groningen
9365,Groningen
9366,Groningen
9367,Groningen
9400,Drenthe
9401,Drenthe
9402,Drenthe
9403,Drenthe
9404,Drenthe
9405,Drenthe
9406,Drenthe
9407,Drenthe
9408,Drenthe
9409,Drenthe
9410,Drenthe
9411,Drenthe
9412,Drenthe
9413,Drenthe
9414,Drenthe
9415,Drenthe
9416,Drenthe
9417,Drenthe
9418,Drenthe
9419,Drenthe
9420,Drenthe
9421,Drenthe
9422,Drenthe
9423,Drenthe
9430,Drenthe
9431,Drenthe
9432,Drenthe
9433,Drenthe
9434,Drenthe
9435,Drenthe
9436,Drenthe
9437,Drenthe
9438,Drenthe
9439,Drenthe
9441,Drenthe
9442,Drenthe
9443,Drenthe
9444,Drenthe
9445,Drenthe
9446,Drenthe
9447,Drenthe
9448,Drenthe
9449,Drenthe
9450,Drenthe
9451,Drenthe
9452,Drenthe
9453,Drenthe
9454,Drenthe
9455,Gelderland
9456,Drenthe
9457,Drenthe
9458,Drenthe
9459,Drenthe
9460,Drenthe
9461,Drenthe
9462,Drenthe
9463,Drenthe
9464,Drenthe
9465,Drenthe
9466,Drenthe
9467,Drenthe
9468,Drenthe
9469,Drenthe
9470,Drenthe
9471,Drenthe
9472,Drenthe
9473,Drenthe
9474,Drenthe
9475,Drenthe
9479,Groningen
9480,Drenthe
9481,Drenthe
9482,Drenthe
9483,Drenthe
9484,Drenthe
9485,Drenthe
9486,Drenthe
9487,Drenthe
9488,Drenthe
9489,Drenthe
9491,Drenthe
9492,Drenthe
9493,Drenthe
9494,Drenthe
9495,Drenthe
9496,Drenthe
9497,Drenthe
9500,Groningen
9501,Groningen
9502,Groningen
9503,Groningen
9511,Drenthe
9512,Drenthe
9514,Drenthe
9515,Drenthe
9520,Drenthe
9521,Drenthe
9523,Drenthe
9524,Drenthe
9525,Drenthe
9526,Drenthe
9527,Drenthe
9528,Drenthe
9530,Drenthe
9531,Drenthe
9533,Drenthe
9534,Drenthe
9535,Drenthe
9536,Drenthe
9537,Drenthe
9540,Groningen
9541,Groningen
9545,Groningen
9550,Groningen
9551,Groningen
9560,Groningen
9561,Groningen
9563,Groningen
9564,Drenthe
9566,Groningen
9571,Drenthe
9573,Drenthe
9574,Drenthe
9580,Groningen
9581,Groningen
9584,Groningen
9585,Groningen
9591,Groningen
9600,Groningen
9601,Groningen
9602,Groningen
9603,Groningen
9605,Groningen
9606,Groningen
9607,Groningen
9608,Groningen
9609,Groningen
9610,Groningen
9611,Groningen
9613,Groningen
9615,Groningen
9616,Groningen
9617,Groningen
9618,Groningen
9619,Groningen
9620,Groningen
9621,Groningen
9623,Groningen
9624,Groningen
9625,Groningen
9626,Groningen
9627,Groningen
9628,Groningen
9629,Groningen
9631,Groningen
9632,Groningen
9633,Groningen
9635,Groningen
9636,Groningen
9640,Groningen
9641,Groningen
9642,Groningen
9644,Groningen
9645,Groningen
9646,Groningen
9648,Groningen
9649,Groningen
9651,Groningen
9654,Drenthe
9655,Drenthe
9656,Drenthe
9657,Drenthe
9658,Drenthe
9659,Drenthe
9661,Groningen
9663,Groningen
9665,Groningen
9670,Groningen
9671,Groningen
9672,Groningen
9673,Groningen
9674,Groningen
9675,Groningen
9677,Groningen
9678,Groningen
9679,Groningen
9681,Groningen
9682,Groningen
9684,Groningen
9685,Groningen
9686,Groningen
9687,Groningen
9688,Groningen
9691,Groningen
9693,Groningen
9695,Groningen
9696,Groningen
9697,Groningen
9698,Groningen
9699,Groningen
9700,Groningen
9701,Groningen
9702,Groningen
9703,Groningen
9704,Groningen
9711,Groningen
9712,Groningen
9713,Groningen
9714,Groningen
9715,Groningen
9716,Groningen
9717,Groningen
9718,Groningen
9721,Groningen
9722,Groningen
9723,Groningen
9724,Groningen
9725,Groningen
9726,Groningen
9727,Groningen
9728,Groningen
9731,Groningen
9732,Groningen
9733,Groningen
9734,Groningen
9735,Groningen
9736,Groningen
9737,Groningen
9738,Groningen
9741,Groningen
9742,Groningen
9743,Groningen
9744,Groningen
9745,Groningen
9746,Groningen
9747,Groningen
9749,Drenthe
9750,Groningen
9751,Groningen
9752,Groningen
9753,Groningen
9755,Groningen
9756,Groningen
9760,Drenthe
9761,Drenthe
9765,Drenthe
9766,Drenthe
9771,Groningen
9773,Groningen
9774,Groningen
9780,Groningen
9781,Groningen
9784,Groningen
9785,Groningen
9790,Groningen
9791,Groningen
9792,Groningen
9793,Groningen
9794,Groningen
9795,Groningen
9796,Groningen
9797,Groningen
9798,Groningen
9800,Groningen
9801,Groningen
9804,Groningen
9805,Groningen
9811,Groningen
9812,Groningen
9821,Groningen
9822,Groningen
9824,Groningen
9825,Groningen
9827,Groningen
9828,Groningen
9831,Groningen
9832,Groningen
9833,Groningen
9841,Groningen
9842,Groningen
9843,Groningen
9844,Groningen
9845,Groningen
9851,Friesland
9852,Friesland
9853,Friesland
9860,Groningen
9861,Groningen
9862,Groningen
9863,Groningen
9864,Groningen
9865,Groningen
9866,Groningen
9871,Friesland
9872,Friesland
9873,Friesland
9881,Groningen
9882,Groningen
9883,Groningen
9884,Groningen
9885,Groningen
9886,Groningen
9891,Groningen
9892,Groningen
9893,Groningen
9900,Groningen
9901,Groningen
9902,Groningen
9903,Groningen
9904,Groningen
9905,Groningen
9906,Groningen
9907,Groningen
9908,Groningen
9909,Groningen
9911,Groningen
9912,Groningen
9913,Groningen
9914,Groningen
9915,Groningen
9917,Groningen
9918,Groningen
9919,Groningen
9921,Groningen
9922,Groningen
9923,Groningen
9924,Groningen
9925,Groningen
9930,Groningen
9931,Groningen
9932,Groningen
9933,Groningen
9934,Groningen
9936,Groningen
9937,Groningen
9939,Groningen
9942,Groningen
9943,Groningen
9944,Groningen
9945,Groningen
9946,Groningen
9947,Groningen
9948,Groningen
9949,Groningen
9950,Groningen
9951,Groningen
9953,Groningen
9954,Groningen
9955,Groningen
9956,Groningen
9957,Groningen
9959,Groningen
9961,Groningen
9962,Groningen
9963,Groningen
9964,Groningen
9965,Groningen
9966,Groningen
9967,Groningen
9968,Groningen
9969,Groningen
9970,Groningen
9971,Groningen
9972,Groningen
9973,Groningen
9974,Groningen
9975,Groningen
9976,Groningen
9977,Groningen
9978,Groningen
9979,Groningen
9980,Groningen
9981,Groningen
9982,Groningen
9983,Groningen
9984,Groningen
9985,Groningen
9986,Groningen
9987,Groningen
9988,Groningen
9989,Groningen
9990,Groningen
9991,Groningen
9992,Groningen
9993,Groningen
9994,Groningen
9995,Groningen
9996,Groningen
9997,Groningen
9998,Groningen
9999,Groningen
